Produce_Variety,Commodity_Type,Unit,Volume_in_Kgs,Values_in_Ksh,Date
Horticulture,Cabbages,Ext Bag,126,KES2205.00,1/1/2012 0:00
Horticulture,Cooking Bananas,Med Bunch,22,KES511.00,1/1/2012 0:00
Horticulture,Ripe Bananas,Med Bunch,14,KES616.00,1/1/2012 0:00
Horticulture,Carrots,Ext Bag,138,KES2833.00,1/1/2012 0:00
Horticulture,Tomatoes,Lg Box,64,KES3411.00,1/1/2012 0:00
Horticulture,Onions Dry,net,13,KES1043.00,1/1/2012 0:00
Horticulture,Spring Onions,Bag,142,KES1997.00,1/1/2012 0:00
Horticulture,Chillies,Bag,38,KES2163.00,1/1/2012 0:00
Horticulture,Cucumber,Bag,50,KES2377.00,1/1/2012 0:00
Horticulture,Capsicums,Bag,50,KES2349.00,1/1/2012 0:00
Horticulture,Brinjals,Bag,44,KES1614.00,1/1/2012 0:00
Horticulture,Cauliflower,crate,39,KES2737.00,1/1/2012 0:00
Horticulture,Lettuce,Bag,51,KES2833.00,1/1/2012 0:00
Horticulture,Passion Fruits,Bag,57,KES4063.00,1/1/2012 0:00
Horticulture,Oranges,Bag,93,KES2757.00,1/1/2012 0:00
Horticulture,Lemons,Bag,95,KES1445.00,1/1/2012 0:00
Horticulture,Mangoes Local,Bag,126,KES1514.00,1/1/2012 0:00
Horticulture,Mangoes Ngowe,Sm Basket,25,KES785.00,1/1/2012 0:00
Horticulture,Limes,net,13,KES570.00,1/1/2012 0:00
Horticulture,Pineapples,Dozen,13,KES748.00,1/1/2012 0:00
Horticulture,Pawpaw,Lg Box,54,KES1392.00,1/1/2012 0:00
Horticulture,Avocado,Bag,90,KES2232.00,1/1/2012 0:00
Horticulture,Kales,Bag,50,KES1328.00,1/1/2012 0:00
Horticulture,Cabbages,Ext Bag,126,KES2739.00,2/1/2012 0:00
Horticulture,Cooking Bananas,Med Bunch,22,KES531.00,2/1/2012 0:00
Horticulture,Ripe Bananas,Med Bunch,14,KES570.00,2/1/2012 0:00
Horticulture,Carrots,Ext Bag,138,KES2754.00,2/1/2012 0:00
Horticulture,Tomatoes,Lg Box,64,KES4100.00,2/1/2012 0:00
Horticulture,Onions Dry,net,13,KES863.00,2/1/2012 0:00
Horticulture,Spring Onions,Bag,142,KES2142.00,2/1/2012 0:00
Horticulture,Chillies,Bag,38,KES2610.00,2/1/2012 0:00
Horticulture,Cucumber,Bag,50,KES1598.00,2/1/2012 0:00
Horticulture,Capsicums,Bag,50,KES2727.00,2/1/2012 0:00
Horticulture,Brinjals,Bag,44,KES1578.00,2/1/2012 0:00
Horticulture,Cauliflower,crate,39,KES2933.00,2/1/2012 0:00
Horticulture,Lettuce,Bag,51,KES2863.00,2/1/2012 0:00
Horticulture,Passion Fruits,Bag,57,KES3512.00,2/1/2012 0:00
Horticulture,Oranges,Bag,93,KES2880.00,2/1/2012 0:00
Horticulture,Lemons,Bag,95,KES1433.00,2/1/2012 0:00
Horticulture,Mangoes Local,Bag,126,KES1726.00,2/1/2012 0:00
Horticulture,Mangoes Ngowe,Sm Basket,25,KES817.00,2/1/2012 0:00
Horticulture,Limes,net,13,KES544.00,2/1/2012 0:00
Horticulture,Pineapples,Dozen,13,KES695.00,2/1/2012 0:00
Horticulture,Pawpaw,Lg Box,54,KES1535.00,2/1/2012 0:00
Horticulture,Avocado,Bag,90,KES2439.00,2/1/2012 0:00
Horticulture,Kales,Bag,50,KES1985.00,2/1/2012 0:00
Horticulture,Cabbages,Ext Bag,126,KES3049.00,3/1/2012 0:00
Horticulture,Cooking Bananas,Med Bunch,22,KES570.00,3/1/2012 0:00
Horticulture,Ripe Bananas,Med Bunch,14,KES635.00,3/1/2012 0:00
Horticulture,Carrots,Ext Bag,138,KES3223.00,3/1/2012 0:00
Horticulture,Tomatoes,Lg Box,64,KES3685.00,3/1/2012 0:00
Horticulture,Onions Dry,net,13,KES992.00,3/1/2012 0:00
Horticulture,Spring Onions,Bag,142,KES1981.00,3/1/2012 0:00
Horticulture,Chillies,Bag,38,KES2954.00,3/1/2012 0:00
Horticulture,Cucumber,Bag,50,KES2413.00,3/1/2012 0:00
Horticulture,Capsicums,Bag,50,KES3247.00,3/1/2012 0:00
Horticulture,Brinjals,Bag,44,KES1559.00,3/1/2012 0:00
Horticulture,Cauliflower,crate,39,KES2018.00,3/1/2012 0:00
Horticulture,Lettuce,Bag,51,KES2939.00,3/1/2012 0:00
Horticulture,Passion Fruits,Bag,57,KES3351.00,3/1/2012 0:00
Horticulture,Oranges,Bag,93,KES3075.00,3/1/2012 0:00
Horticulture,Lemons,Bag,95,KES1300.00,3/1/2012 0:00
Horticulture,Mangoes Local,Bag,126,KES2015.00,3/1/2012 0:00
Horticulture,Mangoes Ngowe,Sm Basket,25,KES1130.00,3/1/2012 0:00
Horticulture,Limes,net,13,KES541.00,3/1/2012 0:00
Horticulture,Pineapples,Dozen,13,KES748.00,3/1/2012 0:00
Horticulture,Pawpaw,Lg Box,54,KES1503.00,3/1/2012 0:00
Horticulture,Avocado,Bag,90,KES2252.00,3/1/2012 0:00
Horticulture,Kales,Bag,50,KES2049.00,3/1/2012 0:00
Horticulture,Cabbages,Ext Bag,126,KES2625.00,4/1/2012 0:00
Horticulture,Cooking Bananas,Med Bunch,22,KES543.00,4/1/2012 0:00
Horticulture,Ripe Bananas,Med Bunch,14,KES623.00,4/1/2012 0:00
Horticulture,Carrots,Ext Bag,138,KES3536.00,4/1/2012 0:00
Horticulture,Tomatoes,Lg Box,64,KES2820.00,4/1/2012 0:00
Horticulture,Onions Dry,net,13,KES1174.00,4/1/2012 0:00
Horticulture,Spring Onions,Bag,142,KES1833.00,4/1/2012 0:00
Horticulture,Chillies,Bag,38,KES2769.00,4/1/2012 0:00
Horticulture,Cucumber,Bag,50,KES2207.00,4/1/2012 0:00
Horticulture,Capsicums,Bag,50,KES2889.00,4/1/2012 0:00
Horticulture,Brinjals,Bag,44,KES1692.00,4/1/2012 0:00
Horticulture,Cauliflower,crate,39,KES2865.00,4/1/2012 0:00
Horticulture,Lettuce,Bag,51,KES3729.00,4/1/2012 0:00
Horticulture,Passion Fruits,Bag,57,KES3589.00,4/1/2012 0:00
Horticulture,Oranges,Bag,93,KES2792.00,4/1/2012 0:00
Horticulture,Lemons,Bag,95,KES1199.00,4/1/2012 0:00
Horticulture,Mangoes Local,Bag,126,KES1993.00,4/1/2012 0:00
Horticulture,Mangoes Ngowe,Sm Basket,25,KES1069.00,4/1/2012 0:00
Horticulture,Limes,net,13,KES601.00,4/1/2012 0:00
Horticulture,Pineapples,Dozen,13,KES747.00,4/1/2012 0:00
Horticulture,Pawpaw,Lg Box,54,KES1538.00,4/1/2012 0:00
Horticulture,Avocado,Bag,90,KES2044.00,4/1/2012 0:00
Horticulture,Kales,Bag,50,KES1580.00,4/1/2012 0:00
Horticulture,Cabbages,Ext Bag,126,KES2105.00,5/1/2012 0:00
Horticulture,Cooking Bananas,Med Bunch,22,KES565.00,5/1/2012 0:00
Horticulture,Ripe Bananas,Med Bunch,14,KES630.00,5/1/2012 0:00
Horticulture,Carrots,Ext Bag,138,KES3752.00,5/1/2012 0:00
Horticulture,Tomatoes,Lg Box,64,KES3302.00,5/1/2012 0:00
Horticulture,Onions Dry,net,13,KES1153.00,5/1/2012 0:00
Horticulture,Spring Onions,Bag,142,KES1793.00,5/1/2012 0:00
Horticulture,Chillies,Bag,38,KES2889.00,5/1/2012 0:00
Horticulture,Cucumber,Bag,50,KES2072.00,5/1/2012 0:00
Horticulture,Capsicums,Bag,50,KES2758.00,5/1/2012 0:00
Horticulture,Brinjals,Bag,44,KES1390.00,5/1/2012 0:00
Horticulture,Cauliflower,crate,39,KES2969.00,5/1/2012 0:00
Horticulture,Lettuce,Bag,51,KES3390.00,5/1/2012 0:00
Horticulture,Passion Fruits,Bag,57,KES3633.00,5/1/2012 0:00
Horticulture,Oranges,Bag,93,KES2708.00,5/1/2012 0:00
Horticulture,Lemons,Bag,95,KES1461.00,5/1/2012 0:00
Horticulture,Mangoes Local,Bag,126,KES1960.00,5/1/2012 0:00
Horticulture,Mangoes Ngowe,Sm Basket,25,KES1132.00,5/1/2012 0:00
Horticulture,Limes,net,13,KES681.00,5/1/2012 0:00
Horticulture,Pineapples,Dozen,13,KES788.00,5/1/2012 0:00
Horticulture,Pawpaw,Lg Box,54,KES1428.00,5/1/2012 0:00
Horticulture,Avocado,Bag,90,KES1939.00,5/1/2012 0:00
Horticulture,Kales,Bag,50,KES1206.00,5/1/2012 0:00
Horticulture,Cabbages,Ext Bag,126,KES2221.00,6/1/2012 0:00
Horticulture,Cooking Bananas,Med Bunch,22,KES589.00,6/1/2012 0:00
Horticulture,Ripe Bananas,Med Bunch,14,KES659.00,6/1/2012 0:00
Horticulture,Carrots,Ext Bag,138,KES4147.00,6/1/2012 0:00
Horticulture,Tomatoes,Lg Box,64,KES4172.00,6/1/2012 0:00
Horticulture,Onions Dry,net,13,KES1229.00,6/1/2012 0:00
Horticulture,Spring Onions,Bag,142,KES1993.00,6/1/2012 0:00
Horticulture,Chillies,Bag,38,KES2658.00,6/1/2012 0:00
Horticulture,Cucumber,Bag,50,KES1893.00,6/1/2012 0:00
Horticulture,Capsicums,Bag,50,KES2758.00,6/1/2012 0:00
Horticulture,Brinjals,Bag,44,KES1606.00,6/1/2012 0:00
Horticulture,Cauliflower,crate,39,KES2147.00,6/1/2012 0:00
Horticulture,Lettuce,Bag,51,KES3281.00,6/1/2012 0:00
Horticulture,Passion Fruits,Bag,57,KES3636.00,6/1/2012 0:00
Horticulture,Oranges,Bag,93,KES2410.00,6/1/2012 0:00
Horticulture,Lemons,Bag,95,KES1767.00,6/1/2012 0:00
Horticulture,Mangoes Local,Bag,126,KES2018.00,6/1/2012 0:00
Horticulture,Mangoes Ngowe,Sm Basket,25,KES1004.00,6/1/2012 0:00
Horticulture,Limes,net,13,KES655.00,6/1/2012 0:00
Horticulture,Pineapples,Dozen,13,KES851.00,6/1/2012 0:00
Horticulture,Pawpaw,Lg Box,54,KES1406.00,6/1/2012 0:00
Horticulture,Avocado,Bag,90,KES1971.00,6/1/2012 0:00
Horticulture,Kales,Bag,50,KES1272.00,6/1/2012 0:00
Horticulture,Cabbages,Ext Bag,126,KES2034.00,7/1/2012 0:00
Horticulture,Cooking Bananas,Med Bunch,22,KES544.00,7/1/2012 0:00
Horticulture,Ripe Bananas,Med Bunch,14,KES582.00,7/1/2012 0:00
Horticulture,Carrots,Ext Bag,138,KES4534.00,7/1/2012 0:00
Horticulture,Tomatoes,Lg Box,64,KES2602.00,7/1/2012 0:00
Horticulture,Onions Dry,net,13,KES1004.00,7/1/2012 0:00
Horticulture,Spring Onions,Bag,142,KES2103.00,7/1/2012 0:00
Horticulture,Chillies,Bag,38,KES2785.00,7/1/2012 0:00
Horticulture,Cucumber,Bag,50,KES1917.00,7/1/2012 0:00
Horticulture,Capsicums,Bag,50,KES2552.00,7/1/2012 0:00
Horticulture,Brinjals,Bag,44,KES1592.00,7/1/2012 0:00
Horticulture,Cauliflower,crate,39,KES2744.00,7/1/2012 0:00
Horticulture,Lettuce,Bag,51,KES3563.00,7/1/2012 0:00
Horticulture,Passion Fruits,Bag,57,KES3726.00,7/1/2012 0:00
Horticulture,Oranges,Bag,93,KES2413.00,7/1/2012 0:00
Horticulture,Lemons,Bag,95,KES1695.00,7/1/2012 0:00
Horticulture,Mangoes Local,Bag,126,KES1750.00,7/1/2012 0:00
Horticulture,Mangoes Ngowe,Sm Basket,25,KES1063.00,7/1/2012 0:00
Horticulture,Limes,net,13,KES602.00,7/1/2012 0:00
Horticulture,Pineapples,Dozen,13,KES831.00,7/1/2012 0:00
Horticulture,Pawpaw,Lg Box,54,KES1432.00,7/1/2012 0:00
Horticulture,Avocado,Bag,90,KES1741.00,7/1/2012 0:00
Horticulture,Kales,Bag,50,KES824.00,7/1/2012 0:00
Horticulture,Cabbages,Ext Bag,126,KES1905.00,8/1/2012 0:00
Horticulture,Cooking Bananas,Med Bunch,22,KES572.00,8/1/2012 0:00
Horticulture,Ripe Bananas,Med Bunch,14,KES542.00,8/1/2012 0:00
Horticulture,Carrots,Ext Bag,138,KES3850.00,8/1/2012 0:00
Horticulture,Tomatoes,Lg Box,64,KES2576.00,8/1/2012 0:00
Horticulture,Onions Dry,net,13,KES887.00,8/1/2012 0:00
Horticulture,Spring Onions,Bag,142,KES1975.00,8/1/2012 0:00
Horticulture,Chillies,Bag,38,KES2652.00,8/1/2012 0:00
Horticulture,Cucumber,Bag,50,KES1572.00,8/1/2012 0:00
Horticulture,Capsicums,Bag,50,KES2769.00,8/1/2012 0:00
Horticulture,Brinjals,Bag,44,KES1544.00,8/1/2012 0:00
Horticulture,Cauliflower,crate,39,KES2408.00,8/1/2012 0:00
Horticulture,Lettuce,Bag,51,KES4246.00,8/1/2012 0:00
Horticulture,Passion Fruits,Bag,57,KES3291.00,8/1/2012 0:00
Horticulture,Oranges,Bag,93,KES2736.00,8/1/2012 0:00
Horticulture,Lemons,Bag,95,KES1749.00,8/1/2012 0:00
Horticulture,Mangoes Local,Bag,126,KES1791.00,8/1/2012 0:00
Horticulture,Mangoes Ngowe,Sm Basket,25,KES1013.00,8/1/2012 0:00
Horticulture,Limes,net,13,KES817.00,8/1/2012 0:00
Horticulture,Pineapples,Dozen,13,KES698.00,8/1/2012 0:00
Horticulture,Pawpaw,Lg Box,54,KES1388.00,8/1/2012 0:00
Horticulture,Avocado,Bag,90,KES1634.00,8/1/2012 0:00
Horticulture,Kales,Bag,50,KES682.00,8/1/2012 0:00
Horticulture,Cabbages,Ext Bag,126,KES1792.00,9/1/2012 0:00
Horticulture,Cooking Bananas,Med Bunch,22,KES571.00,9/1/2012 0:00
Horticulture,Ripe Bananas,Med Bunch,14,KES573.00,9/1/2012 0:00
Horticulture,Carrots,Ext Bag,138,KES3261.00,9/1/2012 0:00
Horticulture,Tomatoes,Lg Box,64,KES2602.00,9/1/2012 0:00
Horticulture,Onions Dry,net,13,KES1018.00,9/1/2012 0:00
Horticulture,Spring Onions,Bag,142,KES2097.00,9/1/2012 0:00
Horticulture,Chillies,Bag,38,KES3783.00,9/1/2012 0:00
Horticulture,Cucumber,Bag,50,KES1735.00,9/1/2012 0:00
Horticulture,Capsicums,Bag,50,KES2674.00,9/1/2012 0:00
Horticulture,Brinjals,Bag,44,KES1474.00,9/1/2012 0:00
Horticulture,Cauliflower,crate,39,KES2087.00,9/1/2012 0:00
Horticulture,Lettuce,Bag,51,KES4983.00,9/1/2012 0:00
Horticulture,Passion Fruits,Bag,57,KES3536.00,9/1/2012 0:00
Horticulture,Oranges,Bag,93,KES3163.00,9/1/2012 0:00
Horticulture,Lemons,Bag,95,KES1374.00,9/1/2012 0:00
Horticulture,Mangoes Local,Bag,126,KES2013.00,9/1/2012 0:00
Horticulture,Mangoes Ngowe,Sm Basket,25,KES932.00,9/1/2012 0:00
Horticulture,Limes,net,13,KES626.00,9/1/2012 0:00
Horticulture,Pineapples,Dozen,13,KES935.00,9/1/2012 0:00
Horticulture,Pawpaw,Lg Box,54,KES1715.00,9/1/2012 0:00
Horticulture,Avocado,Bag,90,KES1975.00,9/1/2012 0:00
Horticulture,Kales,Bag,50,KES764.00,9/1/2012 0:00
Horticulture,Cabbages,Ext Bag,126,KES1643.00,10/1/2012 0:00
Horticulture,Cooking Bananas,Med Bunch,22,KES626.00,10/1/2012 0:00
Horticulture,Ripe Bananas,Med Bunch,14,KES636.00,10/1/2012 0:00
Horticulture,Carrots,Ext Bag,138,KES2778.00,10/1/2012 0:00
Horticulture,Tomatoes,Lg Box,64,KES2576.00,10/1/2012 0:00
Horticulture,Onions Dry,net,13,KES819.00,10/1/2012 0:00
Horticulture,Spring Onions,Bag,142,KES1852.00,10/1/2012 0:00
Horticulture,Chillies,Bag,38,KES2592.00,10/1/2012 0:00
Horticulture,Cucumber,Bag,50,KES2020.00,10/1/2012 0:00
Horticulture,Capsicums,Bag,50,KES2439.00,10/1/2012 0:00
Horticulture,Brinjals,Bag,44,KES1386.00,10/1/2012 0:00
Horticulture,Cauliflower,crate,39,KES1883.00,10/1/2012 0:00
Horticulture,Lettuce,Bag,51,KES4944.00,10/1/2012 0:00
Horticulture,Passion Fruits,Bag,57,KES3429.00,10/1/2012 0:00
Horticulture,Oranges,Bag,93,KES3003.00,10/1/2012 0:00
Horticulture,Lemons,Bag,95,KES1455.00,10/1/2012 0:00
Horticulture,Mangoes Local,Bag,126,KES1862.00,10/1/2012 0:00
Horticulture,Mangoes Ngowe,Sm Basket,25,KES1174.00,10/1/2012 0:00
Horticulture,Limes,net,13,KES680.00,10/1/2012 0:00
Horticulture,Pineapples,Dozen,13,KES841.00,10/1/2012 0:00
Horticulture,Pawpaw,Lg Box,54,KES1431.00,10/1/2012 0:00
Horticulture,Avocado,Bag,90,KES1860.00,10/1/2012 0:00
Horticulture,Kales,Bag,50,KES749.00,10/1/2012 0:00
Horticulture,Cabbages,Ext Bag,126,KES1410.00,11/1/2012 0:00
Horticulture,Cooking Bananas,Med Bunch,22,KES548.00,11/1/2012 0:00
Horticulture,Ripe Bananas,Med Bunch,14,KES593.00,11/1/2012 0:00
Horticulture,Carrots,Ext Bag,138,KES2515.00,11/1/2012 0:00
Horticulture,Tomatoes,Lg Box,64,KES3392.00,11/1/2012 0:00
Horticulture,Onions Dry,net,13,KES907.00,11/1/2012 0:00
Horticulture,Spring Onions,Bag,142,KES2015.00,11/1/2012 0:00
Horticulture,Chillies,Bag,38,KES2387.00,11/1/2012 0:00
Horticulture,Cucumber,Bag,50,KES1756.00,11/1/2012 0:00
Horticulture,Capsicums,Bag,50,KES2088.00,11/1/2012 0:00
Horticulture,Brinjals,Bag,44,KES1325.00,11/1/2012 0:00
Horticulture,Cauliflower,crate,39,KES1364.00,11/1/2012 0:00
Horticulture,Lettuce,Bag,51,KES2182.00,11/1/2012 0:00
Horticulture,Passion Fruits,Bag,57,KES3505.00,11/1/2012 0:00
Horticulture,Oranges,Bag,93,KES2678.00,11/1/2012 0:00
Horticulture,Lemons,Bag,95,KES1546.00,11/1/2012 0:00
Horticulture,Mangoes Local,Bag,126,KES1807.00,11/1/2012 0:00
Horticulture,Mangoes Ngowe,Sm Basket,25,KES875.00,11/1/2012 0:00
Horticulture,Limes,net,13,KES847.00,11/1/2012 0:00
Horticulture,Pineapples,Dozen,13,KES778.00,11/1/2012 0:00
Horticulture,Pawpaw,Lg Box,54,KES1298.00,11/1/2012 0:00
Horticulture,Avocado,Bag,90,KES1847.00,11/1/2012 0:00
Horticulture,Kales,Bag,50,KES670.00,11/1/2012 0:00
Horticulture,Cabbages,Ext Bag,126,KES1504.00,12/1/2012 0:00
Horticulture,Cooking Bananas,Med Bunch,22,KES547.00,12/1/2012 0:00
Horticulture,Ripe Bananas,Med Bunch,14,KES577.00,12/1/2012 0:00
Horticulture,Carrots,Ext Bag,138,KES2507.00,12/1/2012 0:00
Horticulture,Tomatoes,Lg Box,64,KES3348.00,12/1/2012 0:00
Horticulture,Onions Dry,net,13,KES900.00,12/1/2012 0:00
Horticulture,Spring Onions,Bag,142,KES2390.00,12/1/2012 0:00
Horticulture,Chillies,Bag,38,KES3300.00,12/1/2012 0:00
Horticulture,Cucumber,Bag,50,KES1861.00,12/1/2012 0:00
Horticulture,Capsicums,Bag,50,KES2222.00,12/1/2012 0:00
Horticulture,Brinjals,Bag,44,KES1427.00,12/1/2012 0:00
Horticulture,Cauliflower,crate,39,KES1993.00,12/1/2012 0:00
Horticulture,Lettuce,Bag,51,KES3932.00,12/1/2012 0:00
Horticulture,Passion Fruits,Bag,57,KES3548.00,12/1/2012 0:00
Horticulture,Oranges,Bag,93,KES2877.00,12/1/2012 0:00
Horticulture,Lemons,Bag,95,KES1911.00,12/1/2012 0:00
Horticulture,Mangoes Local,Bag,126,KES2124.00,12/1/2012 0:00
Horticulture,Mangoes Ngowe,Sm Basket,25,KES912.00,12/1/2012 0:00
Horticulture,Limes,net,13,KES728.00,12/1/2012 0:00
Horticulture,Pineapples,Dozen,13,KES727.00,12/1/2012 0:00
Horticulture,Pawpaw,Lg Box,54,KES1611.00,12/1/2012 0:00
Horticulture,Avocado,Bag,90,KES2255.00,12/1/2012 0:00
Horticulture,Kales,Bag,50,KES690.00,12/1/2012 0:00
Horticulture,Cabbages,Ext Bag,126,KES1466.00,1/1/2013 0:00
Horticulture,Kales,Bag,50,KES685.00,1/1/2013 0:00
Horticulture,Avocado,Bag,90,KES1981.00,1/1/2013 0:00
Horticulture,Pawpaw,Lg Box,54,KES1479.00,1/1/2013 0:00
Horticulture,Pineapples,Dozen,13,KES897.00,1/1/2013 0:00
Horticulture,Limes,net,13,KES582.00,1/1/2013 0:00
Horticulture,Mangoes Ngowe,Sm Basket,25,KES827.00,1/1/2013 0:00
Horticulture,Mangoes Local,Bag,126,KES1833.00,1/1/2013 0:00
Horticulture,Lemons,Bag,95,KES1875.00,1/1/2013 0:00
Horticulture,Oranges,Bag,93,KES2938.00,1/1/2013 0:00
Horticulture,Passion Fruits,Bag,57,KES3180.00,1/1/2013 0:00
Horticulture,Lettuce,Bag,51,KES4047.00,1/1/2013 0:00
Horticulture,Cauliflower,crate,39,KES2098.00,1/1/2013 0:00
Horticulture,Brinjals,Bag,44,KES1547.00,1/1/2013 0:00
Horticulture,Capsicums,Bag,50,KES2099.00,1/1/2013 0:00
Horticulture,Cucumber,Bag,50,KES1697.00,1/1/2013 0:00
Horticulture,Chillies,Bag,38,KES2403.00,1/1/2013 0:00
Horticulture,Spring Onions,Bag,142,KES1785.00,1/1/2013 0:00
Horticulture,Onions Dry,net,13,KES797.00,1/1/2013 0:00
Horticulture,Tomatoes,Lg Box,64,KES2831.00,1/1/2013 0:00
Horticulture,Carrots,Ext Bag,138,KES2538.00,1/1/2013 0:00
Horticulture,Ripe Bananas,Med Bunch,14,KES609.00,1/1/2013 0:00
Horticulture,Cooking Bananas,Med Bunch,22,KES586.00,1/1/2013 0:00
Horticulture,Cooking Bananas,Med Bunch,22,KES629.00,2/1/2013 0:00
Horticulture,Kales,Bag,50,KES804.00,2/1/2013 0:00
Horticulture,Avocado,Bag,90,KES2394.00,2/1/2013 0:00
Horticulture,Pawpaw,Lg Box,54,KES1472.00,2/1/2013 0:00
Horticulture,Pineapples,Dozen,13,KES750.00,2/1/2013 0:00
Horticulture,Limes,net,13,KES710.00,2/1/2013 0:00
Horticulture,Mangoes Ngowe,Sm Basket,25,KES927.00,2/1/2013 0:00
Horticulture,Mangoes Local,Bag,126,KES1957.00,2/1/2013 0:00
Horticulture,Lemons,Bag,95,KES2051.00,2/1/2013 0:00
Horticulture,Oranges,Bag,93,KES3230.00,2/1/2013 0:00
Horticulture,Passion Fruits,Bag,57,KES2955.00,2/1/2013 0:00
Horticulture,Lettuce,Bag,51,KES3476.00,2/1/2013 0:00
Horticulture,Cauliflower,crate,39,KES2483.00,2/1/2013 0:00
Horticulture,Brinjals,Bag,44,KES1836.00,2/1/2013 0:00
Horticulture,Capsicums,Bag,50,KES2517.00,2/1/2013 0:00
Horticulture,Cucumber,Bag,50,KES2251.00,2/1/2013 0:00
Horticulture,Chillies,Bag,38,KES2989.00,2/1/2013 0:00
Horticulture,Spring Onions,Bag,142,KES2254.00,2/1/2013 0:00
Horticulture,Onions Dry,net,13,KES792.00,2/1/2013 0:00
Horticulture,Tomatoes,Lg Box,64,KES2969.00,2/1/2013 0:00
Horticulture,Carrots,Ext Bag,138,KES2669.00,2/1/2013 0:00
Horticulture,Ripe Bananas,Med Bunch,14,KES708.00,2/1/2013 0:00
Horticulture,Cabbages,Ext Bag,126,KES1798.00,2/1/2013 0:00
Horticulture,Cabbages,Ext Bag,126,KES1667.00,3/1/2013 0:00
Horticulture,Cooking Bananas,Med Bunch,22,KES539.00,3/1/2013 0:00
Horticulture,Ripe Bananas,Med Bunch,14,KES607.00,3/1/2013 0:00
Horticulture,Carrots,Ext Bag,138,KES2969.00,3/1/2013 0:00
Horticulture,Tomatoes,Lg Box,64,KES3669.00,3/1/2013 0:00
Horticulture,Onions Dry,net,13,KES883.00,3/1/2013 0:00
Horticulture,Spring Onions,Bag,142,KES2159.00,3/1/2013 0:00
Horticulture,Chillies,Bag,38,KES2377.00,3/1/2013 0:00
Horticulture,Cucumber,Bag,50,KES2742.00,3/1/2013 0:00
Horticulture,Capsicums,Bag,50,KES2750.00,3/1/2013 0:00
Horticulture,Brinjals,Bag,44,KES1587.00,3/1/2013 0:00
Horticulture,Cauliflower,crate,39,KES2452.00,3/1/2013 0:00
Horticulture,Lettuce,Bag,51,KES3470.00,3/1/2013 0:00
Horticulture,Passion Fruits,Bag,57,KES3988.00,3/1/2013 0:00
Horticulture,Oranges,Bag,93,KES3053.00,3/1/2013 0:00
Horticulture,Lemons,Bag,95,KES2039.00,3/1/2013 0:00
Horticulture,Mangoes Local,Bag,126,KES2105.00,3/1/2013 0:00
Horticulture,Mangoes Ngowe,Sm Basket,25,KES1149.00,3/1/2013 0:00
Horticulture,Limes,net,13,KES679.00,3/1/2013 0:00
Horticulture,Pineapples,Dozen,13,KES728.00,3/1/2013 0:00
Horticulture,Pawpaw,Lg Box,54,KES1521.00,3/1/2013 0:00
Horticulture,Avocado,Bag,90,KES2322.00,3/1/2013 0:00
Horticulture,Kales,Bag,50,KES1039.00,3/1/2013 0:00
Horticulture,Cabbages,Ext Bag,126,KES1638.00,4/1/2013 0:00
Horticulture,Cooking Bananas,Med Bunch,22,KES545.00,4/1/2013 0:00
Horticulture,Ripe Bananas,Med Bunch,14,KES620.00,4/1/2013 0:00
Horticulture,Carrots,Ext Bag,138,KES3223.00,4/1/2013 0:00
Horticulture,Tomatoes,Lg Box,64,KES5182.00,4/1/2013 0:00
Horticulture,Onions Dry,net,13,KES850.00,4/1/2013 0:00
Horticulture,Spring Onions,Bag,142,KES2194.00,4/1/2013 0:00
Horticulture,Chillies,Bag,38,KES3064.00,4/1/2013 0:00
Horticulture,Cucumber,Bag,50,KES2405.00,4/1/2013 0:00
Horticulture,Capsicums,Bag,50,KES2930.00,4/1/2013 0:00
Horticulture,Brinjals,Bag,44,KES1664.00,4/1/2013 0:00
Horticulture,Cauliflower,crate,39,KES3781.00,4/1/2013 0:00
Horticulture,Lettuce,Bag,51,KES3202.00,4/1/2013 0:00
Horticulture,Passion Fruits,Bag,57,KES3725.00,4/1/2013 0:00
Horticulture,Oranges,Bag,93,KES2948.00,4/1/2013 0:00
Horticulture,Lemons,Bag,95,KES1960.00,4/1/2013 0:00
Horticulture,Mangoes Local,Bag,126,KES2444.00,4/1/2013 0:00
Horticulture,Mangoes Ngowe,Sm Basket,25,KES770.00,4/1/2013 0:00
Horticulture,Limes,net,13,KES635.00,4/1/2013 0:00
Horticulture,Pineapples,Dozen,13,KES780.00,4/1/2013 0:00
Horticulture,Pawpaw,Lg Box,54,KES1473.00,4/1/2013 0:00
Horticulture,Avocado,Bag,90,KES2287.00,4/1/2013 0:00
Horticulture,Kales,Bag,50,KES848.00,4/1/2013 0:00
Horticulture,Lettuce,Bag,51,KES4090.00,5/1/2013 0:00
Horticulture,Kales,Bag,50,KES1277.00,5/1/2013 0:00
Horticulture,Avocado,Bag,90,KES2705.00,5/1/2013 0:00
Horticulture,Pawpaw,Lg Box,54,KES1777.00,5/1/2013 0:00
Horticulture,Pineapples,Dozen,13,KES754.00,5/1/2013 0:00
Horticulture,Limes,net,13,KES683.00,5/1/2013 0:00
Horticulture,Mangoes Ngowe,Sm Basket,25,KES1079.00,5/1/2013 0:00
Horticulture,Mangoes Local,Bag,126,KES2420.00,5/1/2013 0:00
Horticulture,Lemons,Bag,95,KES2112.00,5/1/2013 0:00
Horticulture,Oranges,Bag,93,KES2893.00,5/1/2013 0:00
Horticulture,Passion Fruits,Bag,57,KES3923.00,5/1/2013 0:00
Horticulture,Cauliflower,crate,39,KES3553.00,5/1/2013 0:00
Horticulture,Brinjals,Bag,44,KES1700.00,5/1/2013 0:00
Horticulture,Capsicums,Bag,50,KES2663.00,5/1/2013 0:00
Horticulture,Cucumber,Bag,50,KES2268.00,5/1/2013 0:00
Horticulture,Chillies,Bag,38,KES3105.00,5/1/2013 0:00
Horticulture,Spring Onions,Bag,142,KES2571.00,5/1/2013 0:00
Horticulture,Onions Dry,net,13,KES967.00,5/1/2013 0:00
Horticulture,Tomatoes,Lg Box,64,KES5596.00,5/1/2013 0:00
Horticulture,Carrots,Ext Bag,138,KES3318.00,5/1/2013 0:00
Horticulture,Ripe Bananas,Med Bunch,14,KES625.00,5/1/2013 0:00
Horticulture,Cooking Bananas,Med Bunch,22,KES618.00,5/1/2013 0:00
Horticulture,Cabbages,Ext Bag,126,KES2058.00,5/1/2013 0:00
Horticulture,Cooking Bananas,Med Bunch,22,KES541.00,6/1/2013 0:00
Horticulture,Ripe Bananas,Med Bunch,14,KES583.00,6/1/2013 0:00
Horticulture,Carrots,Ext Bag,138,KES3647.00,6/1/2013 0:00
Horticulture,Tomatoes,Lg Box,64,KES4037.00,6/1/2013 0:00
Horticulture,Onions Dry,net,13,KES1147.00,6/1/2013 0:00
Horticulture,Spring Onions,Bag,142,KES2480.00,6/1/2013 0:00
Horticulture,Chillies,Bag,38,KES2973.00,6/1/2013 0:00
Horticulture,Cucumber,Bag,50,KES1946.00,6/1/2013 0:00
Horticulture,Capsicums,Bag,50,KES3031.00,6/1/2013 0:00
Horticulture,Brinjals,Bag,44,KES1720.00,6/1/2013 0:00
Horticulture,Cauliflower,crate,39,KES3490.00,6/1/2013 0:00
Horticulture,Cabbages,Ext Bag,126,KES2465.00,6/1/2013 0:00
Horticulture,Lettuce,Bag,51,KES3748.00,6/1/2013 0:00
Horticulture,Passion Fruits,Bag,57,KES4041.00,6/1/2013 0:00
Horticulture,Oranges,Bag,93,KES2674.00,6/1/2013 0:00
Horticulture,Lemons,Bag,95,KES2085.00,6/1/2013 0:00
Horticulture,Mangoes Local,Bag,126,KES2078.00,6/1/2013 0:00
Horticulture,Mangoes Ngowe,Sm Basket,25,KES915.00,6/1/2013 0:00
Horticulture,Limes,net,13,KES443.00,6/1/2013 0:00
Horticulture,Pineapples,Dozen,13,KES700.00,6/1/2013 0:00
Horticulture,Pawpaw,Lg Box,54,KES1511.00,6/1/2013 0:00
Horticulture,Avocado,Bag,90,KES2097.00,6/1/2013 0:00
Horticulture,Kales,Bag,50,KES1626.00,6/1/2013 0:00
Horticulture,Cabbages,Ext Bag,126,KES2326.00,7/1/2013 0:00
Horticulture,Cooking Bananas,Med Bunch,22,KES518.00,7/1/2013 0:00
Horticulture,Ripe Bananas,Med Bunch,14,KES578.00,7/1/2013 0:00
Horticulture,Carrots,Ext Bag,138,KES3553.00,7/1/2013 0:00
Horticulture,Tomatoes,Lg Box,64,KES2786.00,7/1/2013 0:00
Horticulture,Onions Dry,net,13,KES957.00,7/1/2013 0:00
Horticulture,Spring Onions,Bag,142,KES2318.00,7/1/2013 0:00
Horticulture,Chillies,Bag,38,KES3251.00,7/1/2013 0:00
Horticulture,Cucumber,Bag,50,KES2505.00,7/1/2013 0:00
Horticulture,Capsicums,Bag,50,KES2767.00,7/1/2013 0:00
Horticulture,Brinjals,Bag,44,KES1851.00,7/1/2013 0:00
Horticulture,Cauliflower,crate,39,KES2333.00,7/1/2013 0:00
Horticulture,Lettuce,Bag,51,KES3246.00,7/1/2013 0:00
Horticulture,Passion Fruits,Bag,57,KES3740.00,7/1/2013 0:00
Horticulture,Oranges,Bag,93,KES2718.00,7/1/2013 0:00
Horticulture,Lemons,Bag,95,KES2023.00,7/1/2013 0:00
Horticulture,Mangoes Local,Bag,126,KES2208.00,7/1/2013 0:00
Horticulture,Mangoes Ngowe,Sm Basket,25,KES1064.00,7/1/2013 0:00
Horticulture,Limes,net,13,KES507.00,7/1/2013 0:00
Horticulture,Pineapples,Dozen,13,KES688.00,7/1/2013 0:00
Horticulture,Pawpaw,Lg Box,54,KES1609.00,7/1/2013 0:00
Horticulture,Avocado,Bag,90,KES2202.00,7/1/2013 0:00
Horticulture,Kales,Bag,50,KES1556.00,7/1/2013 0:00
Horticulture,Cauliflower,crate,39,KES2099.00,8/1/2013 0:00
Horticulture,Cabbages,Ext Bag,126,KES2433.00,8/1/2013 0:00
Horticulture,Cooking Bananas,Med Bunch,22,KES500.00,8/1/2013 0:00
Horticulture,Ripe Bananas,Med Bunch,14,KES553.00,8/1/2013 0:00
Horticulture,Carrots,Ext Bag,138,KES3469.00,8/1/2013 0:00
Horticulture,Tomatoes,Lg Box,64,KES2653.00,8/1/2013 0:00
Horticulture,Onions Dry,net,13,KES894.00,8/1/2013 0:00
Horticulture,Spring Onions,Bag,142,KES1820.00,8/1/2013 0:00
Horticulture,Chillies,Bag,38,KES2321.00,8/1/2013 0:00
Horticulture,Cucumber,Bag,50,KES2323.00,8/1/2013 0:00
Horticulture,Capsicums,Bag,50,KES3077.00,8/1/2013 0:00
Horticulture,Brinjals,Bag,44,KES1705.00,8/1/2013 0:00
Horticulture,Lettuce,Bag,51,KES3553.00,8/1/2013 0:00
Horticulture,Passion Fruits,Bag,57,KES4518.00,8/1/2013 0:00
Horticulture,Oranges,Bag,93,KES2878.00,8/1/2013 0:00
Horticulture,Lemons,Bag,95,KES1889.00,8/1/2013 0:00
Horticulture,Mangoes Local,Bag,126,KES2255.00,8/1/2013 0:00
Horticulture,Mangoes Ngowe,Sm Basket,25,KES1257.00,8/1/2013 0:00
Horticulture,Limes,net,13,KES645.00,8/1/2013 0:00
Horticulture,Pineapples,Dozen,13,KES710.00,8/1/2013 0:00
Horticulture,Pawpaw,Lg Box,54,KES1411.00,8/1/2013 0:00
Horticulture,Avocado,Bag,90,KES2031.00,8/1/2013 0:00
Horticulture,Kales,Bag,50,KES1257.00,8/1/2013 0:00
Horticulture,Cabbages,Ext Bag,126,KES2350.00,9/1/2013 0:00
Horticulture,Cooking Bananas,Med Bunch,22,KES510.00,9/1/2013 0:00
Horticulture,Ripe Bananas,Med Bunch,14,KES568.00,9/1/2013 0:00
Horticulture,Carrots,Ext Bag,138,KES4340.00,9/1/2013 0:00
Horticulture,Tomatoes,Lg Box,64,KES2446.00,9/1/2013 0:00
Horticulture,Onions Dry,net,13,KES862.00,9/1/2013 0:00
Horticulture,Spring Onions,Bag,142,KES1950.00,9/1/2013 0:00
Horticulture,Chillies,Bag,38,KES2353.00,9/1/2013 0:00
Horticulture,Cucumber,Bag,50,KES1784.00,9/1/2013 0:00
Horticulture,Capsicums,Bag,50,KES2846.00,9/1/2013 0:00
Horticulture,Brinjals,Bag,44,KES1763.00,9/1/2013 0:00
Horticulture,Kales,Bag,50,KES1086.00,9/1/2013 0:00
Horticulture,Cauliflower,crate,39,KES1901.00,9/1/2013 0:00
Horticulture,Lettuce,Bag,51,KES3205.00,9/1/2013 0:00
Horticulture,Passion Fruits,Bag,57,KES3728.00,9/1/2013 0:00
Horticulture,Oranges,Bag,93,KES2956.00,9/1/2013 0:00
Horticulture,Lemons,Bag,95,KES2077.00,9/1/2013 0:00
Horticulture,Mangoes Local,Bag,126,KES2688.00,9/1/2013 0:00
Horticulture,Mangoes Ngowe,Sm Basket,25,KES1262.00,9/1/2013 0:00
Horticulture,Limes,net,13,KES771.00,9/1/2013 0:00
Horticulture,Pineapples,Dozen,13,KES711.00,9/1/2013 0:00
Horticulture,Pawpaw,Lg Box,54,KES1562.00,9/1/2013 0:00
Horticulture,Avocado,Bag,90,KES2070.00,9/1/2013 0:00
Horticulture,Oranges,Bag,93,KES3104.00,10/1/2013 0:00
Horticulture,Cabbages,Ext Bag,126,KES1992.00,10/1/2013 0:00
Horticulture,Cooking Bananas,Med Bunch,22,KES513.00,10/1/2013 0:00
Horticulture,Ripe Bananas,Med Bunch,14,KES565.00,10/1/2013 0:00
Horticulture,Carrots,Ext Bag,138,KES4390.00,10/1/2013 0:00
Horticulture,Tomatoes,Lg Box,64,KES2862.00,10/1/2013 0:00
Horticulture,Onions Dry,net,13,KES845.00,10/1/2013 0:00
Horticulture,Spring Onions,Bag,142,KES1978.00,10/1/2013 0:00
Horticulture,Chillies,Bag,38,KES2325.00,10/1/2013 0:00
Horticulture,Cucumber,Bag,50,KES2259.00,10/1/2013 0:00
Horticulture,Capsicums,Bag,50,KES2515.00,10/1/2013 0:00
Horticulture,Brinjals,Bag,44,KES1657.00,10/1/2013 0:00
Horticulture,Cauliflower,crate,39,KES1964.00,10/1/2013 0:00
Horticulture,Lettuce,Bag,51,KES3044.00,10/1/2013 0:00
Horticulture,Passion Fruits,Bag,57,KES3572.00,10/1/2013 0:00
Horticulture,Lemons,Bag,95,KES2292.00,10/1/2013 0:00
Horticulture,Mangoes Local,Bag,126,KES2259.00,10/1/2013 0:00
Horticulture,Mangoes Ngowe,Sm Basket,25,KES1200.00,10/1/2013 0:00
Horticulture,Limes,net,13,KES990.00,10/1/2013 0:00
Horticulture,Pineapples,Dozen,13,KES797.00,10/1/2013 0:00
Horticulture,Pawpaw,Lg Box,54,KES1466.00,10/1/2013 0:00
Horticulture,Avocado,Bag,90,KES2307.00,10/1/2013 0:00
Horticulture,Kales,Bag,50,KES849.00,10/1/2013 0:00
Horticulture,Kales,Bag,50,KES1013.00,11/1/2013 0:00
Horticulture,Cabbages,Ext Bag,126,KES1965.00,11/1/2013 0:00
Horticulture,Cooking Bananas,Med Bunch,22,KES519.00,11/1/2013 0:00
Horticulture,Ripe Bananas,Med Bunch,14,KES588.00,11/1/2013 0:00
Horticulture,Carrots,Ext Bag,138,KES4043.00,11/1/2013 0:00
Horticulture,Tomatoes,Lg Box,64,KES3141.00,11/1/2013 0:00
Horticulture,Onions Dry,net,13,KES844.00,11/1/2013 0:00
Horticulture,Spring Onions,Bag,142,KES2084.00,11/1/2013 0:00
Horticulture,Chillies,Bag,38,KES2349.00,11/1/2013 0:00
Horticulture,Cucumber,Bag,50,KES2094.00,11/1/2013 0:00
Horticulture,Capsicums,Bag,50,KES2219.00,11/1/2013 0:00
Horticulture,Brinjals,Bag,44,KES1636.00,11/1/2013 0:00
Horticulture,Cauliflower,crate,39,KES2067.00,11/1/2013 0:00
Horticulture,Lettuce,Bag,51,KES4072.00,11/1/2013 0:00
Horticulture,Passion Fruits,Bag,57,KES4129.00,11/1/2013 0:00
Horticulture,Oranges,Bag,93,KES2967.00,11/1/2013 0:00
Horticulture,Lemons,Bag,95,KES2560.00,11/1/2013 0:00
Horticulture,Mangoes Local,Bag,126,KES2034.00,11/1/2013 0:00
Horticulture,Avocado,Bag,90,KES2672.00,11/1/2013 0:00
Horticulture,Mangoes Ngowe,Sm Basket,25,KES1082.00,11/1/2013 0:00
Horticulture,Limes,net,13,KES902.00,11/1/2013 0:00
Horticulture,Pineapples,Dozen,13,KES826.00,11/1/2013 0:00
Horticulture,Pawpaw,Lg Box,54,KES1507.00,11/1/2013 0:00
Horticulture,Kales,Bag,50,KES953.00,12/1/2013 0:00
Horticulture,Carrots,Ext Bag,138,KES3498.00,12/1/2013 0:00
Horticulture,Tomatoes,Lg Box,64,KES2897.00,12/1/2013 0:00
Horticulture,Onions Dry,net,13,KES862.00,12/1/2013 0:00
Horticulture,Spring Onions,Bag,142,KES1755.00,12/1/2013 0:00
Horticulture,Chillies,Bag,38,KES2357.00,12/1/2013 0:00
Horticulture,Cucumber,Bag,50,KES1843.00,12/1/2013 0:00
Horticulture,Capsicums,Bag,50,KES2195.00,12/1/2013 0:00
Horticulture,Brinjals,Bag,44,KES1471.00,12/1/2013 0:00
Horticulture,Cauliflower,crate,39,KES2373.00,12/1/2013 0:00
Horticulture,Lettuce,Bag,51,KES3571.00,12/1/2013 0:00
Horticulture,Passion Fruits,Bag,57,KES3500.00,12/1/2013 0:00
Horticulture,Oranges,Bag,93,KES2556.00,12/1/2013 0:00
Horticulture,Ripe Bananas,Med Bunch,14,KES638.00,12/1/2013 0:00
Horticulture,Lemons,Bag,95,KES2569.00,12/1/2013 0:00
Horticulture,Mangoes Local,Bag,126,KES1872.00,12/1/2013 0:00
Horticulture,Mangoes Ngowe,Sm Basket,25,KES1085.00,12/1/2013 0:00
Horticulture,Limes,net,13,KES776.00,12/1/2013 0:00
Horticulture,Pineapples,Dozen,13,KES824.00,12/1/2013 0:00
Horticulture,Pawpaw,Lg Box,54,KES1498.00,12/1/2013 0:00
Horticulture,Cooking Bananas,Med Bunch,22,KES521.00,12/1/2013 0:00
Horticulture,Avocado,Bag,90,KES2303.00,12/1/2013 0:00
Horticulture,Cabbages,Ext Bag,126,KES1728.00,12/1/2013 0:00
Horticulture,Cooking Bananas,Med Bunch,22,KES473.00,1/1/2015 0:00
Horticulture,Cabbages,Ext Bag,126,KES2245.00,1/1/2015 0:00
Horticulture,Kales,Bag,50,KES1227.00,1/1/2015 0:00
Horticulture,Avocado,Bag,90,KES2379.00,1/1/2015 0:00
Horticulture,Pawpaw,Lg Box,54,KES1563.00,1/1/2015 0:00
Horticulture,Pineapples,Dozen,13,KES796.00,1/1/2015 0:00
Horticulture,Limes,net,13,KES648.00,1/1/2015 0:00
Horticulture,Mangoes Ngowe,Sm Basket,25,KES1170.00,1/1/2015 0:00
Horticulture,Mangoes Local,Bag,126,KES1963.00,1/1/2015 0:00
Horticulture,Lemons,Bag,95,KES2540.00,1/1/2015 0:00
Horticulture,Oranges,Bag,93,KES3795.00,1/1/2015 0:00
Horticulture,Passion Fruits,Bag,57,KES4037.00,1/1/2015 0:00
Horticulture,Lettuce,Bag,51,KES2192.00,1/1/2015 0:00
Horticulture,Cauliflower,crate,39,KES2091.00,1/1/2015 0:00
Horticulture,Brinjals,Bag,44,KES1786.00,1/1/2015 0:00
Horticulture,Capsicums,Bag,50,KES2978.00,1/1/2015 0:00
Horticulture,Cucumber,Bag,50,KES1810.00,1/1/2015 0:00
Horticulture,Chillies,Bag,38,KES2624.00,1/1/2015 0:00
Horticulture,Spring Onions,Bag,142,KES1836.00,1/1/2015 0:00
Horticulture,Onions Dry,net,13,KES813.00,1/1/2015 0:00
Horticulture,Tomatoes,Lg Box,64,KES4097.00,1/1/2015 0:00
Horticulture,Carrots,Ext Bag,138,KES2840.00,1/1/2015 0:00
Horticulture,Ripe Bananas,Med Bunch,14,KES568.00,1/1/2015 0:00
Horticulture,Mangoes Local,Bag,126,KES2201.00,2/1/2015 0:00
Horticulture,Chillies,Bag,38,KES2816.00,2/1/2015 0:00
Horticulture,Capsicums,Bag,50,KES2922.00,2/1/2015 0:00
Horticulture,Cabbages,Ext Bag,126,KES2335.00,2/1/2015 0:00
Horticulture,Limes,net,13,KES688.00,2/1/2015 0:00
Horticulture,Mangoes Ngowe,Sm Basket,25,KES1051.00,2/1/2015 0:00
Horticulture,Oranges,Bag,93,KES3384.00,2/1/2015 0:00
Horticulture,Brinjals,Bag,44,KES2126.00,2/1/2015 0:00
Horticulture,Kales,Bag,50,KES2076.00,2/1/2015 0:00
Horticulture,Tomatoes,Lg Box,64,KES4455.00,2/1/2015 0:00
Horticulture,Carrots,Ext Bag,138,KES3134.00,2/1/2015 0:00
Horticulture,Spring Onions,Bag,142,KES1585.00,2/1/2015 0:00
Horticulture,Cucumber,Bag,50,KES2568.00,2/1/2015 0:00
Horticulture,Ripe Bananas,Med Bunch,14,KES615.00,2/1/2015 0:00
Horticulture,Cooking Bananas,Med Bunch,22,KES527.00,2/1/2015 0:00
Horticulture,Pawpaw,Lg Box,54,KES2005.00,2/1/2015 0:00
Horticulture,Lemons,Bag,95,KES2452.00,2/1/2015 0:00
Horticulture,Lettuce,Bag,51,KES2555.00,2/1/2015 0:00
Horticulture,Onions Dry,net,13,KES840.00,2/1/2015 0:00
Horticulture,Passion Fruits,Bag,57,KES4008.00,2/1/2015 0:00
Horticulture,Pineapples,Dozen,13,KES751.00,2/1/2015 0:00
Horticulture,Avocado,Bag,90,KES2204.00,2/1/2015 0:00
Horticulture,Cauliflower,crate,39,KES2566.00,2/1/2015 0:00
Horticulture,Ripe Bananas,Med Bunch,14,KES571.00,3/1/2015 0:00
Horticulture,Cabbages,Ext Bag,126,KES2684.00,3/1/2015 0:00
Horticulture,Pawpaw,Lg Box,54,KES1922.00,3/1/2015 0:00
Horticulture,Avocado,Bag,90,KES2155.00,3/1/2015 0:00
Horticulture,Carrots,Ext Bag,138,KES3634.00,3/1/2015 0:00
Horticulture,Chillies,Bag,38,KES3019.00,3/1/2015 0:00
Horticulture,Onions Dry,net,13,KES975.00,3/1/2015 0:00
Horticulture,Mangoes Local,Bag,126,KES2525.00,3/1/2015 0:00
Horticulture,Brinjals,Bag,44,KES2072.00,3/1/2015 0:00
Horticulture,Cauliflower,crate,39,KES2913.00,3/1/2015 0:00
Horticulture,Oranges,Bag,93,KES3357.00,3/1/2015 0:00
Horticulture,Kales,Bag,50,KES2359.00,3/1/2015 0:00
Horticulture,Mangoes Ngowe,Sm Basket,25,KES1055.00,3/1/2015 0:00
Horticulture,Limes,net,13,KES757.00,3/1/2015 0:00
Horticulture,Passion Fruits,Bag,57,KES4137.00,3/1/2015 0:00
Horticulture,Tomatoes,Lg Box,64,KES4504.00,3/1/2015 0:00
Horticulture,Spring Onions,Bag,142,KES1792.00,3/1/2015 0:00
Horticulture,Capsicums,Bag,50,KES3009.00,3/1/2015 0:00
Horticulture,Lemons,Bag,95,KES2443.00,3/1/2015 0:00
Horticulture,Cooking Bananas,Med Bunch,22,KES553.00,3/1/2015 0:00
Horticulture,Lettuce,Bag,51,KES2585.00,3/1/2015 0:00
Horticulture,Pineapples,Dozen,13,KES756.00,3/1/2015 0:00
Horticulture,Cucumber,Bag,50,KES2384.00,3/1/2015 0:00
Horticulture,Cabbages,Ext Bag,126,KES2967.00,4/1/2015 0:00
Horticulture,Pineapples,Dozen,13,KES782.00,4/1/2015 0:00
Horticulture,Spring Onions,Bag,142,KES2059.00,4/1/2015 0:00
Horticulture,Cauliflower,crate,39,KES3375.00,4/1/2015 0:00
Horticulture,Cooking Bananas,Med Bunch,22,KES550.00,4/1/2015 0:00
Horticulture,Avocado,Bag,90,KES2210.00,4/1/2015 0:00
Horticulture,Mangoes Ngowe,Sm Basket,25,KES1106.00,4/1/2015 0:00
Horticulture,Capsicums,Bag,50,KES2508.00,4/1/2015 0:00
Horticulture,Cucumber,Bag,50,KES2145.00,4/1/2015 0:00
Horticulture,Kales,Bag,50,KES2006.00,4/1/2015 0:00
Horticulture,Chillies,Bag,38,KES2968.00,4/1/2015 0:00
Horticulture,Carrots,Ext Bag,138,KES4497.00,4/1/2015 0:00
Horticulture,Pawpaw,Lg Box,54,KES1829.00,4/1/2015 0:00
Horticulture,Onions Dry,net,13,KES1074.00,4/1/2015 0:00
Horticulture,Ripe Bananas,Med Bunch,14,KES535.00,4/1/2015 0:00
Horticulture,Tomatoes,Lg Box,64,KES5277.00,4/1/2015 0:00
Horticulture,Passion Fruits,Bag,57,KES4365.00,4/1/2015 0:00
Horticulture,Mangoes Local,Bag,126,KES2407.00,4/1/2015 0:00
Horticulture,Lettuce,Bag,51,KES3124.00,4/1/2015 0:00
Horticulture,Brinjals,Bag,44,KES1803.00,4/1/2015 0:00
Horticulture,Limes,net,13,KES986.00,4/1/2015 0:00
Horticulture,Oranges,Bag,93,KES3216.00,4/1/2015 0:00
Horticulture,Lemons,Bag,95,KES2611.00,4/1/2015 0:00
Horticulture,Cauliflower,crate,39,KES3338.00,5/1/2015 0:00
Horticulture,Kales,Bag,50,KES1229.00,5/1/2015 0:00
Horticulture,Lettuce,Bag,51,KES2964.00,5/1/2015 0:00
Horticulture,Ripe Bananas,Med Bunch,14,KES550.00,5/1/2015 0:00
Horticulture,Passion Fruits,Bag,57,KES4492.00,5/1/2015 0:00
Horticulture,Pawpaw,Lg Box,54,KES1683.00,5/1/2015 0:00
Horticulture,Mangoes Ngowe,Sm Basket,25,KES930.00,5/1/2015 0:00
Horticulture,Mangoes Local,Bag,126,KES2315.00,5/1/2015 0:00
Horticulture,Oranges,Bag,93,KES3261.00,5/1/2015 0:00
Horticulture,Capsicums,Bag,50,KES2072.00,5/1/2015 0:00
Horticulture,Cucumber,Bag,50,KES2031.00,5/1/2015 0:00
Horticulture,Lemons,Bag,95,KES2573.00,5/1/2015 0:00
Horticulture,Pineapples,Dozen,13,KES801.00,5/1/2015 0:00
Horticulture,Brinjals,Bag,44,KES1656.00,5/1/2015 0:00
Horticulture,Spring Onions,Bag,142,KES1850.00,5/1/2015 0:00
Horticulture,Cabbages,Ext Bag,126,KES2643.00,5/1/2015 0:00
Horticulture,Cooking Bananas,Med Bunch,22,KES612.00,5/1/2015 0:00
Horticulture,Tomatoes,Lg Box,64,KES5664.00,5/1/2015 0:00
Horticulture,Onions Dry,net,13,KES1169.00,5/1/2015 0:00
Horticulture,Chillies,Bag,38,KES2131.00,5/1/2015 0:00
Horticulture,Carrots,Ext Bag,138,KES4858.00,5/1/2015 0:00
Horticulture,Avocado,Bag,90,KES2156.00,5/1/2015 0:00
Horticulture,Limes,net,13,KES1135.00,5/1/2015 0:00
Horticulture,Cauliflower,crate,39,KES2455.00,6/1/2015 0:00
Horticulture,Tomatoes,Lg Box,64,KES5128.00,6/1/2015 0:00
Horticulture,Limes,net,13,KES1051.00,6/1/2015 0:00
Horticulture,Mangoes Local,Bag,126,KES2275.00,6/1/2015 0:00
Horticulture,Chillies,Bag,38,KES2153.00,6/1/2015 0:00
Horticulture,Avocado,Bag,90,KES2166.00,6/1/2015 0:00
Horticulture,Ripe Bananas,Med Bunch,14,KES552.00,6/1/2015 0:00
Horticulture,Capsicums,Bag,50,KES2145.00,6/1/2015 0:00
Horticulture,Cooking Bananas,Med Bunch,22,KES608.00,6/1/2015 0:00
Horticulture,Pineapples,Dozen,13,KES836.00,6/1/2015 0:00
Horticulture,Carrots,Ext Bag,138,KES5715.00,6/1/2015 0:00
Horticulture,Lemons,Bag,95,KES2387.00,6/1/2015 0:00
Horticulture,Mangoes Ngowe,Sm Basket,25,KES963.00,6/1/2015 0:00
Horticulture,Pawpaw,Lg Box,54,KES1688.00,6/1/2015 0:00
Horticulture,Passion Fruits,Bag,57,KES4675.00,6/1/2015 0:00
Horticulture,Cabbages,Ext Bag,126,KES2179.00,6/1/2015 0:00
Horticulture,Oranges,Bag,93,KES3193.00,6/1/2015 0:00
Horticulture,Cucumber,Bag,50,KES1624.00,6/1/2015 0:00
Horticulture,Lettuce,Bag,51,KES2110.00,6/1/2015 0:00
Horticulture,Brinjals,Bag,44,KES1498.00,6/1/2015 0:00
Horticulture,Onions Dry,net,13,KES1259.00,6/1/2015 0:00
Horticulture,Spring Onions,Bag,142,KES1798.00,6/1/2015 0:00
Horticulture,Kales,Bag,50,KES1197.00,6/1/2015 0:00
Horticulture,Brinjals,Bag,44,KES1511.00,7/1/2015 0:00
Horticulture,Passion Fruits,Bag,57,KES4582.00,7/1/2015 0:00
Horticulture,Cauliflower,crate,39,KES2902.00,7/1/2015 0:00
Horticulture,Spring Onions,Bag,142,KES1797.00,7/1/2015 0:00
Horticulture,Mangoes Local,Bag,126,KES2185.00,7/1/2015 0:00
Horticulture,Ripe Bananas,Med Bunch,14,KES529.00,7/1/2015 0:00
Horticulture,Cooking Bananas,Med Bunch,22,KES589.00,7/1/2015 0:00
Horticulture,Cucumber,Bag,50,KES2159.00,7/1/2015 0:00
Horticulture,Capsicums,Bag,50,KES2283.00,7/1/2015 0:00
Horticulture,Limes,net,13,KES959.00,7/1/2015 0:00
Horticulture,Chillies,Bag,38,KES1955.00,7/1/2015 0:00
Horticulture,Cabbages,Ext Bag,126,KES1610.00,7/1/2015 0:00
Horticulture,Kales,Bag,50,KES1175.00,7/1/2015 0:00
Horticulture,Onions Dry,net,13,KES1032.00,7/1/2015 0:00
Horticulture,Avocado,Bag,90,KES2070.00,7/1/2015 0:00
Horticulture,Mangoes Ngowe,Sm Basket,25,KES992.00,7/1/2015 0:00
Horticulture,Pawpaw,Lg Box,54,KES1823.00,7/1/2015 0:00
Horticulture,Tomatoes,Lg Box,64,KES3969.00,7/1/2015 0:00
Horticulture,Oranges,Bag,93,KES3348.00,7/1/2015 0:00
Horticulture,Carrots,Ext Bag,138,KES4490.00,7/1/2015 0:00
Horticulture,Lettuce,Bag,51,KES2476.00,7/1/2015 0:00
Horticulture,Pineapples,Dozen,13,KES757.00,7/1/2015 0:00
Horticulture,Lemons,Bag,95,KES2455.00,7/1/2015 0:00
Cereals,Dry Maize,Bag,90,KES2832.00,1/1/2013 0:00
Cereals,Green Maize,Ext Bag,115,KES2471.00,1/1/2013 0:00
Cereals,Finger Millet,Bag,90,KES6012.00,1/1/2013 0:00
Cereals,Sorghum,Bag,90,KES3306.00,1/1/2013 0:00
Cereals,Wheat,Bag,90,KES4058.00,1/1/2013 0:00
Legumes,Beans Canadian,Bag,90,KES5729.00,1/1/2013 0:00
Legumes,Beans Rosecoco,Bag,90,KES5498.00,1/1/2013 0:00
Legumes,Beans Mwitemania,Bag,90,KES5132.00,1/1/2013 0:00
Legumes,Mwezi Moja,Bag,90,KES5512.00,1/1/2013 0:00
Legumes,Dolichos (Njahi),Bag,90,KES7383.00,1/1/2013 0:00
Legumes,Green Gram,Bag,90,KES6784.00,1/1/2013 0:00
Legumes,Cowpeas,Bag,90,KES5053.00,1/1/2013 0:00
Legumes,Fresh Peas,Bag,51,KES2817.00,1/1/2013 0:00
Legumes,Groundnuts,Bag,110,KES10679.00,1/1/2013 0:00
Roots & Tubers,Red Irish Potatoes,Bag,110,KES2969.00,1/1/2013 0:00
Roots & Tubers,White Irish Potatoes,Bag,110,KES3007.00,1/1/2013 0:00
Roots & Tubers,Cassava Fresh,Bag,99,KES1735.00,1/1/2013 0:00
Roots & Tubers,Sweet Potatoes,Bag,98,KES2526.00,1/1/2013 0:00
Cereals,Dry Maize,Bag,90,KES2857.00,2/1/2013 0:00
Cereals,Green Maize,Ext Bag,115,KES2963.00,2/1/2013 0:00
Cereals,Finger Millet,Bag,90,KES6213.00,2/1/2013 0:00
Cereals,Sorghum,Bag,90,KES3626.00,2/1/2013 0:00
Cereals,Wheat,Bag,90,KES4071.00,2/1/2013 0:00
Legumes,Beans Canadian,Bag,90,KES5643.00,2/1/2013 0:00
Legumes,Beans Rosecoco,Bag,90,KES5390.00,2/1/2013 0:00
Legumes,Beans Mwitemania,Bag,90,KES5226.00,2/1/2013 0:00
Legumes,Mwezi Moja,Bag,90,KES5261.00,2/1/2013 0:00
Legumes,Dolichos (Njahi),Bag,90,KES7875.00,2/1/2013 0:00
Legumes,Green Gram,Bag,90,KES7340.00,2/1/2013 0:00
Legumes,Cowpeas,Bag,90,KES5101.00,2/1/2013 0:00
Legumes,Fresh Peas,Bag,51,KES3422.00,2/1/2013 0:00
Legumes,Groundnuts,Bag,110,KES10326.00,2/1/2013 0:00
Roots & Tubers,Red Irish Potatoes,Bag,110,KES3143.00,2/1/2013 0:00
Roots & Tubers,White Irish Potatoes,Bag,110,KES2892.00,2/1/2013 0:00
Roots & Tubers,Cassava Fresh,Bag,99,KES1685.00,2/1/2013 0:00
Roots & Tubers,Sweet Potatoes,Bag,98,KES3140.00,2/1/2013 0:00
Cereals,Dry Maize,Bag,90,KES2880.00,3/1/2013 0:00
Cereals,Green Maize,Ext Bag,115,KES2840.00,3/1/2013 0:00
Cereals,Finger Millet,Bag,90,KES5890.00,3/1/2013 0:00
Cereals,Sorghum,Bag,90,KES3605.00,3/1/2013 0:00
Cereals,Wheat,Bag,90,KES3911.00,3/1/2013 0:00
Legumes,Beans Canadian,Bag,90,KES5475.00,3/1/2013 0:00
Legumes,Beans Rosecoco,Bag,90,KES5712.00,3/1/2013 0:00
Legumes,Beans Mwitemania,Bag,90,KES5241.00,3/1/2013 0:00
Legumes,Mwezi Moja,Bag,90,KES5529.00,3/1/2013 0:00
Legumes,Dolichos (Njahi),Bag,90,KES7473.00,3/1/2013 0:00
Legumes,Green Gram,Bag,90,KES7352.00,3/1/2013 0:00
Legumes,Cowpeas,Bag,90,KES6005.00,3/1/2013 0:00
Legumes,Fresh Peas,Bag,51,KES2908.00,3/1/2013 0:00
Legumes,Groundnuts,Bag,110,KES10938.00,3/1/2013 0:00
Roots & Tubers,Red Irish Potatoes,Bag,110,KES2987.00,3/1/2013 0:00
Roots & Tubers,White Irish Potatoes,Bag,110,KES2854.00,3/1/2013 0:00
Roots & Tubers,Cassava Fresh,Bag,99,KES1941.00,3/1/2013 0:00
Roots & Tubers,Sweet Potatoes,Bag,98,KES2645.00,3/1/2013 0:00
Cereals,Dry Maize,Bag,90,KES2837.00,4/1/2013 0:00
Cereals,Green Maize,Ext Bag,115,KES3006.00,4/1/2013 0:00
Cereals,Finger Millet,Bag,90,KES5929.00,4/1/2013 0:00
Cereals,Sorghum,Bag,90,KES3554.00,4/1/2013 0:00
Cereals,Wheat,Bag,90,KES4024.00,4/1/2013 0:00
Legumes,Beans Canadian,Bag,90,KES5822.00,4/1/2013 0:00
Legumes,Beans Rosecoco,Bag,90,KES6202.00,4/1/2013 0:00
Legumes,Beans Mwitemania,Bag,90,KES5602.00,4/1/2013 0:00
Legumes,Mwezi Moja,Bag,90,KES5774.00,4/1/2013 0:00
Legumes,Dolichos (Njahi),Bag,90,KES7780.00,4/1/2013 0:00
Legumes,Green Gram,Bag,90,KES7819.00,4/1/2013 0:00
Legumes,Cowpeas,Bag,90,KES5352.00,4/1/2013 0:00
Legumes,Fresh Peas,Bag,51,KES2852.00,4/1/2013 0:00
Legumes,Groundnuts,Bag,110,KES12269.00,4/1/2013 0:00
Roots & Tubers,Red Irish Potatoes,Bag,110,KES2671.00,4/1/2013 0:00
Roots & Tubers,White Irish Potatoes,Bag,110,KES2653.00,4/1/2013 0:00
Roots & Tubers,Cassava Fresh,Bag,99,KES2102.00,4/1/2013 0:00
Roots & Tubers,Sweet Potatoes,Bag,98,KES2728.00,4/1/2013 0:00
Cereals,Dry Maize,Bag,90,KES2838.00,5/1/2013 0:00
Cereals,Green Maize,Ext Bag,115,KES3847.00,5/1/2013 0:00
Cereals,Finger Millet,Bag,90,KES6321.00,5/1/2013 0:00
Cereals,Sorghum,Bag,90,KES3694.00,5/1/2013 0:00
Cereals,Wheat,Bag,90,KES4365.00,5/1/2013 0:00
Legumes,Beans Canadian,Bag,90,KES6046.00,5/1/2013 0:00
Legumes,Beans Rosecoco,Bag,90,KES6108.00,5/1/2013 0:00
Legumes,Beans Mwitemania,Bag,90,KES5846.00,5/1/2013 0:00
Legumes,Mwezi Moja,Bag,90,KES6432.00,5/1/2013 0:00
Legumes,Dolichos (Njahi),Bag,90,KES7892.00,5/1/2013 0:00
Legumes,Green Gram,Bag,90,KES7514.00,5/1/2013 0:00
Legumes,Cowpeas,Bag,90,KES5755.00,5/1/2013 0:00
Legumes,Fresh Peas,Bag,51,KES4343.00,5/1/2013 0:00
Legumes,Groundnuts,Bag,110,KES12019.00,5/1/2013 0:00
Roots & Tubers,Red Irish Potatoes,Bag,110,KES3240.00,5/1/2013 0:00
Roots & Tubers,White Irish Potatoes,Bag,110,KES3065.00,5/1/2013 0:00
Roots & Tubers,Cassava Fresh,Bag,99,KES2350.00,5/1/2013 0:00
Roots & Tubers,Sweet Potatoes,Bag,98,KES3185.00,5/1/2013 0:00
Cereals,Dry Maize,Bag,90,KES2747.00,6/1/2013 0:00
Cereals,Green Maize,Ext Bag,115,KES3229.00,6/1/2013 0:00
Cereals,Finger Millet,Bag,90,KES6182.00,6/1/2013 0:00
Cereals,Sorghum,Bag,90,KES3507.00,6/1/2013 0:00
Cereals,Wheat,Bag,90,KES4540.00,6/1/2013 0:00
Legumes,Beans Canadian,Bag,90,KES5858.00,6/1/2013 0:00
Legumes,Beans Rosecoco,Bag,90,KES5668.00,6/1/2013 0:00
Legumes,Beans Mwitemania,Bag,90,KES5205.00,6/1/2013 0:00
Legumes,Mwezi Moja,Bag,90,KES6060.00,6/1/2013 0:00
Legumes,Dolichos (Njahi),Bag,90,KES7908.00,6/1/2013 0:00
Legumes,Green Gram,Bag,90,KES7181.00,6/1/2013 0:00
Legumes,Cowpeas,Bag,90,KES5721.00,6/1/2013 0:00
Legumes,Fresh Peas,Bag,51,KES3163.00,6/1/2013 0:00
Legumes,Groundnuts,Bag,110,KES12112.00,6/1/2013 0:00
Roots & Tubers,Red Irish Potatoes,Bag,110,KES3275.00,6/1/2013 0:00
Roots & Tubers,White Irish Potatoes,Bag,110,KES3206.00,6/1/2013 0:00
Roots & Tubers,Cassava Fresh,Bag,99,KES1938.00,6/1/2013 0:00
Roots & Tubers,Sweet Potatoes,Bag,98,KES3259.00,6/1/2013 0:00
Cereals,Dry Maize,Bag,90,KES2722.00,7/1/2013 0:00
Cereals,Green Maize,Ext Bag,115,KES2924.00,7/1/2013 0:00
Cereals,Finger Millet,Bag,90,KES5795.00,7/1/2013 0:00
Cereals,Sorghum,Bag,90,KES3363.00,7/1/2013 0:00
Cereals,Wheat,Bag,90,KES4293.00,7/1/2013 0:00
Legumes,Beans Canadian,Bag,90,KES5459.00,7/1/2013 0:00
Legumes,Beans Rosecoco,Bag,90,KES5489.00,7/1/2013 0:00
Legumes,Beans Mwitemania,Bag,90,KES4997.00,7/1/2013 0:00
Legumes,Mwezi Moja,Bag,90,KES5285.00,7/1/2013 0:00
Legumes,Dolichos (Njahi),Bag,90,KES7576.00,7/1/2013 0:00
Legumes,Green Gram,Bag,90,KES6948.00,7/1/2013 0:00
Legumes,Cowpeas,Bag,90,KES5246.00,7/1/2013 0:00
Legumes,Fresh Peas,Bag,51,KES2614.00,7/1/2013 0:00
Legumes,Groundnuts,Bag,110,KES11216.00,7/1/2013 0:00
Roots & Tubers,Red Irish Potatoes,Bag,110,KES2940.00,7/1/2013 0:00
Roots & Tubers,White Irish Potatoes,Bag,110,KES2916.00,7/1/2013 0:00
Roots & Tubers,Cassava Fresh,Bag,99,KES2004.00,7/1/2013 0:00
Roots & Tubers,Sweet Potatoes,Bag,98,KES2957.00,7/1/2013 0:00
Cereals,Dry Maize,Bag,90,KES2703.00,8/1/2013 0:00
Cereals,Green Maize,Ext Bag,115,KES2475.00,8/1/2013 0:00
Cereals,Finger Millet,Bag,90,KES5767.00,8/1/2013 0:00
Cereals,Sorghum,Bag,90,KES3533.00,8/1/2013 0:00
Cereals,Wheat,Bag,90,KES4084.00,8/1/2013 0:00
Legumes,Beans Canadian,Bag,90,KES5434.00,8/1/2013 0:00
Legumes,Beans Rosecoco,Bag,90,KES5701.00,8/1/2013 0:00
Legumes,Beans Mwitemania,Bag,90,KES4972.00,8/1/2013 0:00
Legumes,Mwezi Moja,Bag,90,KES5086.00,8/1/2013 0:00
Legumes,Dolichos (Njahi),Bag,90,KES7580.00,8/1/2013 0:00
Legumes,Green Gram,Bag,90,KES6925.00,8/1/2013 0:00
Legumes,Cowpeas,Bag,90,KES5026.00,8/1/2013 0:00
Legumes,Fresh Peas,Bag,51,KES2539.00,8/1/2013 0:00
Legumes,Groundnuts,Bag,110,KES10877.00,8/1/2013 0:00
Roots & Tubers,Red Irish Potatoes,Bag,110,KES2950.00,8/1/2013 0:00
Roots & Tubers,White Irish Potatoes,Bag,110,KES2927.00,8/1/2013 0:00
Roots & Tubers,Cassava Fresh,Bag,99,KES1956.00,8/1/2013 0:00
Roots & Tubers,Sweet Potatoes,Bag,98,KES2604.00,8/1/2013 0:00
Cereals,Dry Maize,Bag,90,KES2829.00,9/1/2013 0:00
Cereals,Green Maize,Ext Bag,115,KES2630.00,9/1/2013 0:00
Cereals,Finger Millet,Bag,90,KES5820.00,9/1/2013 0:00
Cereals,Sorghum,Bag,90,KES3471.00,9/1/2013 0:00
Cereals,Wheat,Bag,90,KES4024.00,9/1/2013 0:00
Legumes,Beans Canadian,Bag,90,KES5547.00,9/1/2013 0:00
Legumes,Beans Rosecoco,Bag,90,KES5973.00,9/1/2013 0:00
Legumes,Beans Mwitemania,Bag,90,KES5220.00,9/1/2013 0:00
Legumes,Mwezi Moja,Bag,90,KES5480.00,9/1/2013 0:00
Legumes,Dolichos (Njahi),Bag,90,KES7323.00,9/1/2013 0:00
Legumes,Green Gram,Bag,90,KES7160.00,9/1/2013 0:00
Legumes,Cowpeas,Bag,90,KES5227.00,9/1/2013 0:00
Legumes,Fresh Peas,Bag,51,KES2856.00,9/1/2013 0:00
Legumes,Groundnuts,Bag,110,KES11481.00,9/1/2013 0:00
Roots & Tubers,Red Irish Potatoes,Bag,110,KES3045.00,9/1/2013 0:00
Roots & Tubers,White Irish Potatoes,Bag,110,KES3014.00,9/1/2013 0:00
Roots & Tubers,Cassava Fresh,Bag,99,KES2175.00,9/1/2013 0:00
Roots & Tubers,Sweet Potatoes,Bag,98,KES2655.00,9/1/2013 0:00
Cereals,Dry Maize,Bag,90,KES2943.00,10/1/2013 0:00
Cereals,Green Maize,Ext Bag,115,KES2451.00,10/1/2013 0:00
Cereals,Finger Millet,Bag,90,KES6032.00,10/1/2013 0:00
Cereals,Sorghum,Bag,90,KES3629.00,10/1/2013 0:00
Cereals,Wheat,Bag,90,KES3524.00,10/1/2013 0:00
Legumes,Beans Canadian,Bag,90,KES5984.00,10/1/2013 0:00
Legumes,Beans Rosecoco,Bag,90,KES5943.00,10/1/2013 0:00
Legumes,Beans Mwitemania,Bag,90,KES5366.00,10/1/2013 0:00
Legumes,Mwezi Moja,Bag,90,KES5869.00,10/1/2013 0:00
Legumes,Dolichos (Njahi),Bag,90,KES7079.00,10/1/2013 0:00
Legumes,Green Gram,Bag,90,KES7461.00,10/1/2013 0:00
Legumes,Cowpeas,Bag,90,KES5322.00,10/1/2013 0:00
Legumes,Fresh Peas,Bag,51,KES2537.00,10/1/2013 0:00
Legumes,Groundnuts,Bag,110,KES11555.00,10/1/2013 0:00
Roots & Tubers,Red Irish Potatoes,Bag,110,KES3124.00,10/1/2013 0:00
Roots & Tubers,White Irish Potatoes,Bag,110,KES3014.00,10/1/2013 0:00
Roots & Tubers,Cassava Fresh,Bag,99,KES1896.00,10/1/2013 0:00
Roots & Tubers,Sweet Potatoes,Bag,98,KES2746.00,10/1/2013 0:00
Cereals,Dry Maize,Bag,90,KES3033.00,11/1/2013 0:00
Cereals,Green Maize,Ext Bag,115,KES2836.00,11/1/2013 0:00
Cereals,Finger Millet,Bag,90,KES6072.00,11/1/2013 0:00
Cereals,Sorghum,Bag,90,KES3780.00,11/1/2013 0:00
Cereals,Wheat,Bag,90,KES3697.00,11/1/2013 0:00
Legumes,Beans Canadian,Bag,90,KES6225.00,11/1/2013 0:00
Legumes,Beans Rosecoco,Bag,90,KES5973.00,11/1/2013 0:00
Legumes,Beans Mwitemania,Bag,90,KES5374.00,11/1/2013 0:00
Legumes,Mwezi Moja,Bag,90,KES5939.00,11/1/2013 0:00
Legumes,Dolichos (Njahi),Bag,90,KES7127.00,11/1/2013 0:00
Legumes,Green Gram,Bag,90,KES7916.00,11/1/2013 0:00
Legumes,Cowpeas,Bag,90,KES5782.00,11/1/2013 0:00
Legumes,Fresh Peas,Bag,51,KES2272.00,11/1/2013 0:00
Legumes,Groundnuts,Bag,110,KES11877.00,11/1/2013 0:00
Roots & Tubers,Red Irish Potatoes,Bag,110,KES3326.00,11/1/2013 0:00
Roots & Tubers,White Irish Potatoes,Bag,110,KES3291.00,11/1/2013 0:00
Roots & Tubers,Cassava Fresh,Bag,99,KES2023.00,11/1/2013 0:00
Roots & Tubers,Sweet Potatoes,Bag,98,KES2862.00,11/1/2013 0:00
Cereals,Dry Maize,Bag,90,KES3037.00,12/1/2013 0:00
Cereals,Green Maize,Ext Bag,115,KES3050.00,12/1/2013 0:00
Cereals,Finger Millet,Bag,90,KES5823.00,12/1/2013 0:00
Cereals,Sorghum,Bag,90,KES3851.00,12/1/2013 0:00
Cereals,Wheat,Bag,90,KES4144.00,12/1/2013 0:00
Legumes,Beans Canadian,Bag,90,KES5978.00,12/1/2013 0:00
Legumes,Beans Rosecoco,Bag,90,KES5942.00,12/1/2013 0:00
Legumes,Beans Mwitemania,Bag,90,KES5397.00,12/1/2013 0:00
Legumes,Mwezi Moja,Bag,90,KES5813.00,12/1/2013 0:00
Legumes,Dolichos (Njahi),Bag,90,KES7429.00,12/1/2013 0:00
Legumes,Green Gram,Bag,90,KES7916.00,12/1/2013 0:00
Legumes,Cowpeas,Bag,90,KES5702.00,12/1/2013 0:00
Legumes,Fresh Peas,Bag,51,KES2762.00,12/1/2013 0:00
Legumes,Groundnuts,Bag,110,KES11417.00,12/1/2013 0:00
Roots & Tubers,Red Irish Potatoes,Bag,110,KES3019.00,12/1/2013 0:00
Roots & Tubers,White Irish Potatoes,Bag,110,KES2967.00,12/1/2013 0:00
Roots & Tubers,Cassava Fresh,Bag,99,KES2068.00,12/1/2013 0:00
Roots & Tubers,Sweet Potatoes,Bag,98,KES2777.00,12/1/2013 0:00
Cereals,Dry Maize,Bag,90,KES2435.00,1/1/2015 0:00
Cereals,Green Maize,Ext Bag,115,KES3237.00,1/1/2015 0:00
Cereals,Finger Millet,Bag,90,KES6868.00,1/1/2015 0:00
Cereals,Sorghum,Bag,90,KES3756.00,1/1/2015 0:00
Cereals,Wheat,Bag,90,KES3477.00,1/1/2015 0:00
Legumes,Beans Canadian,Bag,90,KES6277.00,1/1/2015 0:00
Legumes,Beans Rosecoco,Bag,90,KES6111.00,1/1/2015 0:00
Legumes,Beans Mwitemania,Bag,90,KES5871.00,1/1/2015 0:00
Legumes,Mwezi Moja,Bag,90,KES5349.00,1/1/2015 0:00
Legumes,Dolichos (Njahi),Bag,90,KES7042.00,1/1/2015 0:00
Legumes,Green Gram,Bag,90,KES11143.00,1/1/2015 0:00
Legumes,Cowpeas,Bag,90,KES6764.00,1/1/2015 0:00
Legumes,Fresh Peas,Bag,51,KES2461.00,1/1/2015 0:00
Legumes,Groundnuts,Bag,110,KES11559.00,1/1/2015 0:00
Roots & Tubers,Red Irish Potatoes,Bag,110,KES2490.00,1/1/2015 0:00
Roots & Tubers,White Irish Potatoes,Bag,110,KES2515.00,1/1/2015 0:00
Roots & Tubers,Cassava Fresh,Bag,99,KES1753.00,1/1/2015 0:00
Roots & Tubers,Sweet Potatoes,Bag,98,KES2677.00,1/1/2015 0:00
Cereals,Dry Maize,Bag,90,KES2417.00,2/1/2015 0:00
Cereals,Green Maize,Ext Bag,115,KES2653.00,2/1/2015 0:00
Cereals,Finger Millet,Bag,90,KES6906.00,2/1/2015 0:00
Cereals,Sorghum,Bag,90,KES4202.00,2/1/2015 0:00
Cereals,Wheat,Bag,90,KES3662.00,2/1/2015 0:00
Legumes,Beans Canadian,Bag,90,KES6151.00,2/1/2015 0:00
Legumes,Beans Rosecoco,Bag,90,KES6484.00,2/1/2015 0:00
Legumes,Beans Mwitemania,Bag,90,KES6269.00,2/1/2015 0:00
Legumes,Mwezi Moja,Bag,90,KES4783.00,2/1/2015 0:00
Legumes,Dolichos (Njahi),Bag,90,KES8023.00,2/1/2015 0:00
Legumes,Green Gram,Bag,90,KES11535.00,2/1/2015 0:00
Legumes,Cowpeas,Bag,90,KES7208.00,2/1/2015 0:00
Legumes,Fresh Peas,Bag,51,KES2511.00,2/1/2015 0:00
Legumes,Groundnuts,Bag,110,KES11926.00,2/1/2015 0:00
Roots & Tubers,Red Irish Potatoes,Bag,110,KES2761.00,2/1/2015 0:00
Roots & Tubers,White Irish Potatoes,Bag,110,KES2690.00,2/1/2015 0:00
Roots & Tubers,Cassava Fresh,Bag,99,KES1893.00,2/1/2015 0:00
Roots & Tubers,Sweet Potatoes,Bag,98,KES2541.00,2/1/2015 0:00
Cereals,Dry Maize,Bag,90,KES2473.00,3/1/2015 0:00
Cereals,Green Maize,Ext Bag,115,KES2795.00,3/1/2015 0:00
Cereals,Finger Millet,Bag,90,KES6916.00,3/1/2015 0:00
Cereals,Sorghum,Bag,90,KES4183.00,3/1/2015 0:00
Cereals,Wheat,Bag,90,KES3739.00,3/1/2015 0:00
Legumes,Beans Canadian,Bag,90,KES6525.00,3/1/2015 0:00
Legumes,Beans Rosecoco,Bag,90,KES6850.00,3/1/2015 0:00
Legumes,Beans Mwitemania,Bag,90,KES6321.00,3/1/2015 0:00
Legumes,Mwezi Moja,Bag,90,KES5382.00,3/1/2015 0:00
Legumes,Dolichos (Njahi),Bag,90,KES8228.00,3/1/2015 0:00
Legumes,Green Gram,Bag,90,KES11315.00,3/1/2015 0:00
Legumes,Cowpeas,Bag,90,KES7436.00,3/1/2015 0:00
Legumes,Fresh Peas,Bag,51,KES3015.00,3/1/2015 0:00
Legumes,Groundnuts,Bag,110,,3/1/2015 0:00
Roots & Tubers,Red Irish Potatoes,Bag,110,KES2686.00,3/1/2015 0:00
Roots & Tubers,White Irish Potatoes,Bag,110,KES2556.00,3/1/2015 0:00
Roots & Tubers,Cassava Fresh,Bag,99,KES1940.00,3/1/2015 0:00
Roots & Tubers,Sweet Potatoes,Bag,98,KES2687.00,3/1/2015 0:00
Cereals,Dry Maize,Bag,90,KES2796.00,4/1/2015 0:00
Cereals,Green Maize,Ext Bag,115,KES3567.00,4/1/2015 0:00
Cereals,Finger Millet,Bag,90,KES7149.00,4/1/2015 0:00
Cereals,Sorghum,Bag,90,KES3816.00,4/1/2015 0:00
Cereals,Wheat,Bag,90,KES3628.00,4/1/2015 0:00
Legumes,Beans Canadian,Bag,90,KES7148.00,4/1/2015 0:00
Legumes,Beans Rosecoco,Bag,90,KES7124.00,4/1/2015 0:00
Legumes,Beans Mwitemania,Bag,90,KES6402.00,4/1/2015 0:00
Legumes,Mwezi Moja,Bag,90,KES5798.00,4/1/2015 0:00
Legumes,Dolichos (Njahi),Bag,90,KES9182.00,4/1/2015 0:00
Legumes,Green Gram,Bag,90,KES11454.00,4/1/2015 0:00
Legumes,Cowpeas,Bag,90,KES6983.00,4/1/2015 0:00
Legumes,Fresh Peas,Bag,51,KES3842.00,4/1/2015 0:00
Legumes,Groundnuts,Bag,110,,4/1/2015 0:00
Roots & Tubers,Red Irish Potatoes,Bag,110,KES3502.00,4/1/2015 0:00
Roots & Tubers,White Irish Potatoes,Bag,110,KES3511.00,4/1/2015 0:00
Roots & Tubers,Cassava Fresh,Bag,99,KES1941.00,4/1/2015 0:00
Roots & Tubers,Sweet Potatoes,Bag,98,KES2819.00,4/1/2015 0:00
Cereals,Dry Maize,Bag,90,KES2925.00,5/1/2015 0:00
Cereals,Green Maize,Ext Bag,115,KES3872.00,5/1/2015 0:00
Cereals,Finger Millet,Bag,90,KES7216.00,5/1/2015 0:00
Cereals,Sorghum,Bag,90,KES3877.00,5/1/2015 0:00
Cereals,Wheat,Bag,90,KES3653.00,5/1/2015 0:00
Legumes,Beans Canadian,Bag,90,KES7453.00,5/1/2015 0:00
Legumes,Beans Rosecoco,Bag,90,KES7522.00,5/1/2015 0:00
Legumes,Beans Mwitemania,Bag,90,KES6903.00,5/1/2015 0:00
Legumes,Mwezi Moja,Bag,90,KES6426.00,5/1/2015 0:00
Legumes,Dolichos (Njahi),Bag,90,KES10486.00,5/1/2015 0:00
Legumes,Green Gram,Bag,90,KES11905.00,5/1/2015 0:00
Legumes,Cowpeas,Bag,90,KES7509.00,5/1/2015 0:00
Legumes,Fresh Peas,Bag,51,KES3924.00,5/1/2015 0:00
Legumes,Groundnuts,Bag,110,KES12802.00,5/1/2015 0:00
Roots & Tubers,Red Irish Potatoes,Bag,110,KES3812.00,5/1/2015 0:00
Roots & Tubers,White Irish Potatoes,Bag,110,KES3935.00,5/1/2015 0:00
Roots & Tubers,Cassava Fresh,Bag,99,KES1883.00,5/1/2015 0:00
Roots & Tubers,Sweet Potatoes,Bag,98,KES2928.00,5/1/2015 0:00
Cereals,Dry Maize,Bag,90,KES2883.00,6/1/2015 0:00
Cereals,Green Maize,Ext Bag,115,KES3466.00,6/1/2015 0:00
Cereals,Finger Millet,Bag,90,KES7155.00,6/1/2015 0:00
Cereals,Sorghum,Bag,90,KES3845.00,6/1/2015 0:00
Cereals,Wheat,Bag,90,KES3747.00,6/1/2015 0:00
Legumes,Beans Canadian,Bag,90,KES7471.00,6/1/2015 0:00
Legumes,Beans Rosecoco,Bag,90,KES7186.00,6/1/2015 0:00
Legumes,Beans Mwitemania,Bag,90,KES6535.00,6/1/2015 0:00
Legumes,Mwezi Moja,Bag,90,KES7279.00,6/1/2015 0:00
Legumes,Dolichos (Njahi),Bag,90,KES9988.00,6/1/2015 0:00
Legumes,Green Gram,Bag,90,KES10722.00,6/1/2015 0:00
Legumes,Cowpeas,Bag,90,KES7315.00,6/1/2015 0:00
Legumes,Fresh Peas,Bag,51,KES3505.00,6/1/2015 0:00
Legumes,Groundnuts,Bag,110,KES12797.00,6/1/2015 0:00
Roots & Tubers,Red Irish Potatoes,Bag,110,KES2776.00,6/1/2015 0:00
Roots & Tubers,White Irish Potatoes,Bag,110,KES2978.00,6/1/2015 0:00
Roots & Tubers,Cassava Fresh,Bag,99,KES2124.00,6/1/2015 0:00
Roots & Tubers,Sweet Potatoes,Bag,98,KES2705.00,6/1/2015 0:00
Cereals,Dry Maize,Bag,90,KES2969.00,7/1/2015 0:00
Cereals,Green Maize,Ext Bag,115,KES2860.00,7/1/2015 0:00
Cereals,Finger Millet,Bag,90,KES6883.00,7/1/2015 0:00
Cereals,Sorghum,Bag,90,KES3856.00,7/1/2015 0:00
Cereals,Wheat,Bag,90,KES3915.00,7/1/2015 0:00
Legumes,Beans Canadian,Bag,90,KES6595.00,7/1/2015 0:00
Legumes,Beans Rosecoco,Bag,90,KES6302.00,7/1/2015 0:00
Legumes,Beans Mwitemania,Bag,90,KES5685.00,7/1/2015 0:00
Legumes,Mwezi Moja,Bag,90,KES6201.00,7/1/2015 0:00
Legumes,Dolichos (Njahi),Bag,90,KES10509.00,7/1/2015 0:00
Legumes,Green Gram,Bag,90,KES10252.00,7/1/2015 0:00
Legumes,Cowpeas,Bag,90,KES6525.00,7/1/2015 0:00
Legumes,Fresh Peas,Bag,51,KES2525.00,7/1/2015 0:00
Legumes,Groundnuts,Bag,110,KES13713.00,7/1/2015 0:00
Roots & Tubers,Red Irish Potatoes,Bag,110,KES1840.00,7/1/2015 0:00
Roots & Tubers,White Irish Potatoes,Bag,110,KES2002.00,7/1/2015 0:00
Roots & Tubers,Cassava Fresh,Bag,99,KES1912.00,7/1/2015 0:00
Roots & Tubers,Sweet Potatoes,Bag,98,KES2764.00,7/1/2015 0:00
Cereals,Dry Maize,Bag,90,KES2910.00,8/25/2015 0:00
Cereals,Green Maize,Ext Bag,115,KES2557.00,8/25/2015 0:00
Cereals,Finger Millet,Bag,90,KES6714.00,8/25/2015 0:00
Cereals,Sorghum,Bag,90,KES3683.00,8/25/2015 0:00
Cereals,Wheat,Bag,90,KES3674.00,8/25/2015 0:00
Legumes,Beans Canadian,Bag,90,KES6187.00,8/25/2015 0:00
Legumes,Beans Rosecoco,Bag,90,KES5850.00,8/25/2015 0:00
Legumes,Beans Mwitemania,Bag,90,KES5277.00,8/25/2015 0:00
Legumes,Mwezi Moja,Bag,90,KES5579.00,8/25/2015 0:00
Legumes,Dolichos (Njahi),Bag,90,KES10733.00,8/25/2015 0:00
Legumes,Green Gram,Bag,90,KES9354.00,8/25/2015 0:00
Legumes,Cowpeas,Bag,90,KES6291.00,8/25/2015 0:00
Legumes,Fresh Peas,Bag,51,KES2078.00,8/25/2015 0:00
Legumes,Groundnuts,Bag,110,KES12313.00,8/25/2015 0:00
Roots & Tubers,Red Irish Potatoes,Bag,110,KES1823.00,8/25/2015 0:00
Roots & Tubers,White Irish Potatoes,Bag,110,KES1915.00,8/25/2015 0:00
Roots & Tubers,Cassava Fresh,Bag,99,KES1907.00,8/25/2015 0:00
Roots & Tubers,Sweet Potatoes,Bag,98,KES2723.00,8/25/2015 0:00
Cereals,Dry Maize,Bag,90,KES2726.00,9/25/2015 0:00
Cereals,Green Maize,Ext Bag,115,KES2415.00,9/25/2015 0:00
Cereals,Finger Millet,Bag,90,KES6568.00,9/25/2015 0:00
Cereals,Sorghum,Bag,90,KES3683.00,9/25/2015 0:00
Cereals,Wheat,Bag,90,KES3493.00,9/25/2015 0:00
Legumes,Beans Canadian,Bag,90,KES5939.00,9/25/2015 0:00
Legumes,Beans Rosecoco,Bag,90,KES5794.00,9/25/2015 0:00
Legumes,Beans Mwitemania,Bag,90,KES5171.00,9/25/2015 0:00
Legumes,Mwezi Moja,Bag,90,KES5367.00,9/25/2015 0:00
Legumes,Dolichos (Njahi),Bag,90,KES10751.00,9/25/2015 0:00
Legumes,Green Gram,Bag,90,KES9266.00,9/25/2015 0:00
Legumes,Cowpeas,Bag,90,KES6203.00,9/25/2015 0:00
Legumes,Fresh Peas,Bag,51,KES2192.00,9/25/2015 0:00
Legumes,Groundnuts,Bag,110,KES12575.00,9/25/2015 0:00
Roots & Tubers,Red Irish Potatoes,Bag,110,KES2518.00,9/25/2015 0:00
Roots & Tubers,White Irish Potatoes,Bag,110,KES2656.00,9/25/2015 0:00
Roots & Tubers,Cassava Fresh,Bag,99,KES1991.00,9/25/2015 0:00
Roots & Tubers,Sweet Potatoes,Bag,98,KES2801.00,9/25/2015 0:00
Cereals,Dry Maize,Bag,90,KES2718.00,10/25/2015 0:00
Cereals,Green Maize,Ext Bag,115,KES2490.00,10/25/2015 0:00
Cereals,Finger Millet,Bag,90,KES6598.00,10/25/2015 0:00
Cereals,Sorghum,Bag,90,KES3784.00,10/25/2015 0:00
Cereals,Wheat,Bag,90,KES3519.00,10/25/2015 0:00
Legumes,Beans Canadian,Bag,90,KES6125.00,10/25/2015 0:00
Legumes,Beans Rosecoco,Bag,90,KES6088.00,10/25/2015 0:00
Legumes,Beans Mwitemania,Bag,90,KES5603.00,10/25/2015 0:00
Legumes,Mwezi Moja,Bag,90,KES5617.00,10/25/2015 0:00
Legumes,Dolichos (Njahi),Bag,90,KES10546.00,10/25/2015 0:00
Legumes,Green Gram,Bag,90,KES9582.00,10/25/2015 0:00
Legumes,Cowpeas,Bag,90,KES6265.00,10/25/2015 0:00
Legumes,Fresh Peas,Bag,51,KES2587.00,10/25/2015 0:00
Legumes,Groundnuts,Bag,110,KES12691.00,10/25/2015 0:00
Roots & Tubers,Red Irish Potatoes,Bag,110,KES2975.00,10/25/2015 0:00
Roots & Tubers,White Irish Potatoes,Bag,110,KES3139.00,10/25/2015 0:00
Roots & Tubers,Cassava Fresh,Bag,99,KES1938.00,10/25/2015 0:00
Roots & Tubers,Sweet Potatoes,Bag,98,KES2895.00,10/25/2015 0:00
Cereals,Dry Maize,Bag,90,KES2669.00,11/25/2015 0:00
Cereals,Green Maize,Ext Bag,115,KES2599.00,11/25/2015 0:00
Cereals,Finger Millet,Bag,90,KES6687.00,11/25/2015 0:00
Cereals,Sorghum,Bag,90,KES3671.00,11/25/2015 0:00
Cereals,Wheat,Bag,90,KES3509.00,11/25/2015 0:00
Legumes,Beans Canadian,Bag,90,KES6109.00,11/25/2015 0:00
Legumes,Beans Rosecoco,Bag,90,KES6200.00,11/25/2015 0:00
Legumes,Beans Mwitemania,Bag,90,KES5746.00,11/25/2015 0:00
Legumes,Mwezi Moja,Bag,90,KES5811.00,11/25/2015 0:00
Legumes,Dolichos (Njahi),Bag,90,KES11256.00,11/25/2015 0:00
Legumes,Green Gram,Bag,90,KES10033.00,11/25/2015 0:00
Legumes,Cowpeas,Bag,90,KES6230.00,11/25/2015 0:00
Legumes,Fresh Peas,Bag,51,KES2967.00,11/25/2015 0:00
Legumes,Groundnuts,Bag,110,KES12881.00,11/25/2015 0:00
Roots & Tubers,Red Irish Potatoes,Bag,110,KES3566.00,11/25/2015 0:00
Roots & Tubers,White Irish Potatoes,Bag,110,KES3770.00,11/25/2015 0:00
Roots & Tubers,Cassava Fresh,Bag,99,KES2101.00,11/25/2015 0:00
Roots & Tubers,Sweet Potatoes,Bag,98,KES3000.00,11/25/2015 0:00
Cereals,Dry Maize,Bag,90,KES2610.00,12/25/2015 0:00
Cereals,Green Maize,Ext Bag,115,KES2535.00,12/25/2015 0:00
Cereals,Finger Millet,Bag,90,KES6469.00,12/25/2015 0:00
Cereals,Sorghum,Bag,90,KES3776.00,12/25/2015 0:00
Cereals,Wheat,Bag,90,KES3768.00,12/25/2015 0:00
Legumes,Beans Canadian,Bag,90,KES6031.00,12/25/2015 0:00
Legumes,Beans Rosecoco,Bag,90,KES6123.00,12/25/2015 0:00
Legumes,Beans Mwitemania,Bag,90,KES5727.00,12/25/2015 0:00
Legumes,Mwezi Moja,Bag,90,KES5715.00,12/25/2015 0:00
Legumes,Dolichos (Njahi),Bag,90,KES12622.00,12/25/2015 0:00
Legumes,Green Gram,Bag,90,KES9962.00,12/25/2015 0:00
Legumes,Cowpeas,Bag,90,KES6239.00,12/25/2015 0:00
Legumes,Fresh Peas,Bag,51,KES3582.00,12/25/2015 0:00
Legumes,Groundnuts,Bag,110,KES12986.00,12/25/2015 0:00
Roots & Tubers,Red Irish Potatoes,Bag,110,KES2805.00,12/25/2015 0:00
Roots & Tubers,White Irish Potatoes,Bag,110,KES2885.00,12/25/2015 0:00
Roots & Tubers,Cassava Fresh,Bag,99,KES2097.00,12/25/2015 0:00
Roots & Tubers,Sweet Potatoes,Bag,98,KES3067.00,12/25/2015 0:00
